sensor,time_s,value
dynamic_accel,0.065,0.29156443231843454
dynamic_accel,0.115,0.02684770071534892
dynamic_accel,0.165,-0.211870130278486
dynamic_accel,0.215,-0.06278301742679027
dynamic_accel,0.265,0.30170966949551214
dynamic_accel,0.315,0.13417490063875803
dynamic_accel,0.365,-0.06044040456336397
dynamic_accel,0.415,0.028945855092155526
dynamic_accel,0.465,-0.11059163071321088
dynamic_accel,0.515,-0.6287077145098525
dynamic_accel,0.565,-0.7017228065647529
dynamic_accel,0.615,-0.3279520607120716
dynamic_accel,0.665,-0.2841608769468973
dynamic_accel,0.715,0.3012039995286653
dynamic_accel,0.765,0.6211422839868703
dynamic_accel,0.815,0.22309135725496176
dynamic_accel,0.865,0.7044907959226769
dynamic_accel,0.915,1.2529765250968623
dynamic_accel,0.965,1.2328437586916028
dynamic_accel,1.015,1.1193360517036552
dynamic_accel,1.065,0.7448350879910777
dynamic_accel,1.115,-0.6779379458202452
dynamic_accel,1.165,-2.601862789134387
dynamic_accel,1.215,-3.444277218824107
dynamic_accel,1.265,-2.551887814530887
dynamic_accel,1.315,-0.8191530096288453
dynamic_accel,1.365,0.08732004423896633
dynamic_accel,1.415,0.7995496603832315
dynamic_accel,1.465,1.2020730833443505
dynamic_accel,1.515,1.6459827876143986
dynamic_accel,1.565,3.677898489299645
dynamic_accel,1.615,4.394866710837542
dynamic_accel,1.665,1.337091163342997
dynamic_accel,1.715,-1.279721997537214
dynamic_accel,1.765,-0.9979101931232339
dynamic_accel,1.815,-3.316678675111217
dynamic_accel,1.865,-3.940920900173789
dynamic_accel,1.915,-2.6852983726990765
dynamic_accel,1.965,-0.35406504601562894
dynamic_accel,2.015,0.5212785979512269
dynamic_accel,2.065,1.2941471139270853
dynamic_accel,2.115,2.982613779877534
dynamic_accel,2.165,3.464936162533613
dynamic_accel,2.215,2.9970672756859997
dynamic_accel,2.265,1.7313187507566195
dynamic_accel,2.315,-1.5665912475131787
dynamic_accel,2.365,-4.40541074767533
dynamic_accel,2.415,-4.851860920504512
dynamic_accel,2.465,-3.7215171217637923
dynamic_accel,2.515,-1.9362838821884267
dynamic_accel,2.565,-0.2518064304607659
dynamic_accel,2.615,1.5628558010085793
dynamic_accel,2.665,4.018542124766238
dynamic_accel,2.715,4.076519773952285
dynamic_accel,2.765,3.612095727725544
dynamic_accel,2.815,2.6506906663456604
dynamic_accel,2.865,-0.7483856332102672
dynamic_accel,2.915,-2.248729646821374
dynamic_accel,2.965,-3.4913561650701608
dynamic_accel,3.015,-3.4781882388413816
dynamic_accel,3.065,-1.61886624375175
dynamic_accel,3.115,0.2972257289744906
dynamic_accel,3.165,1.0545438152827629
dynamic_accel,3.215,0.8371660335773203
dynamic_accel,3.265,4.618494499611243
dynamic_accel,3.315,4.235999027909916
dynamic_accel,3.365,1.7116036952003775
dynamic_accel,3.415,0.9085046693461365
dynamic_accel,3.465,-2.717139763478981
dynamic_accel,3.515,-5.423871411447167
dynamic_accel,3.565,-4.706261284575827
dynamic_accel,3.615,-4.692527914578131
dynamic_accel,3.665,-1.3560896692979405
dynamic_accel,3.715,1.1651708193202026
dynamic_accel,3.765,4.1028143791344736
dynamic_accel,3.815,4.637377815023514
dynamic_accel,3.865,5.455204584362791
dynamic_accel,3.915,1.9264899433272635
dynamic_accel,3.965,0.7390410800789571
dynamic_accel,4.015,-2.736387063684587
dynamic_accel,4.065,-5.356754101815412
dynamic_accel,4.115,-4.783081842332554
dynamic_accel,4.165,-3.264356210137495
dynamic_accel,4.215,0.7767701250828409
dynamic_accel,4.265,0.8561766401353683
dynamic_accel,4.315,1.4846986929396326
dynamic_accel,4.365,4.957877176163224
dynamic_accel,4.415,6.727631103234536
dynamic_accel,4.465,1.3023086342479058
dynamic_accel,4.515,-1.1567265175929577
dynamic_accel,4.565,-3.186166437878885
dynamic_accel,4.615,-5.430973032895322
dynamic_accel,4.665,-3.024736588562159
dynamic_accel,4.715,-0.8839705003045335
dynamic_accel,4.765,1.3466065348318672
dynamic_accel,4.815,2.6840310886100873
dynamic_accel,4.865,2.927060026927583
dynamic_accel,4.915,2.6759377606283827
dynamic_accel,4.965,1.975952010021997
dynamic_accel,5.015,-0.9758055366229179
dynamic_accel,5.065,-0.9354687702527364
dynamic_accel,5.115,-3.3594607573797557
dynamic_accel,5.165,-4.058792450161466
dynamic_accel,5.215,-2.9624499070826538
dynamic_accel,5.265,-0.43850009273345236
dynamic_accel,5.315,0.9654759450314092
dynamic_accel,5.365,1.0410489877912674
dynamic_accel,5.415,1.6379676724678482
dynamic_accel,5.465,4.050564566273158
dynamic_accel,5.515,4.258436461378134
dynamic_accel,5.565,2.0799116125246933
dynamic_accel,5.615,0.4982411776326483
dynamic_accel,5.665,-3.36459105708753
dynamic_accel,5.715,-4.495340947181621
dynamic_accel,5.765,-3.9606643956832244
dynamic_accel,5.815,-3.0946867979328028
dynamic_accel,5.865,-0.8333997067591898
dynamic_accel,5.915,1.1509121153489001
dynamic_accel,5.965,2.721962000758321
dynamic_accel,6.015,4.447192124872487
dynamic_accel,6.065,5.971326662694867
dynamic_accel,6.115,1.535585831713231
dynamic_accel,6.165,0.48126500693151186
dynamic_accel,6.215,-3.007244460463868
dynamic_accel,6.265,-4.396818420738202
dynamic_accel,6.315,-4.393038508549679
dynamic_accel,6.365,-3.0204465212174645
dynamic_accel,6.415,-1.6769853495053546
dynamic_accel,6.465,0.0317176829925252
dynamic_accel,6.515,3.134076303824475
dynamic_accel,6.565,6.031552629974788
dynamic_accel,6.615,4.2601797196854605
dynamic_accel,6.665,1.6699580810167411
dynamic_accel,6.715,1.8482832146549857
dynamic_accel,6.765,-3.1605992141530157
dynamic_accel,6.815,-6.252356948618255
dynamic_accel,6.865,-6.34825376631214
dynamic_accel,6.915,-3.1273355461825734
dynamic_accel,6.965,-1.4731567685865077
dynamic_accel,7.015,1.7403981902275216
dynamic_accel,7.065,4.133269166135239
dynamic_accel,7.115,7.9619446968035525
dynamic_accel,7.165,6.9548204111167
dynamic_accel,7.215,4.460239594518722
dynamic_accel,7.265,0.3464843438006273
dynamic_accel,7.315,-5.001641200129259
dynamic_accel,7.365,-6.432885579464334
dynamic_accel,7.415,-6.262268881991581
dynamic_accel,7.465,-3.511380008031683
dynamic_accel,7.515,0.3215557504720561
dynamic_accel,7.565,1.3069985029395355
dynamic_accel,7.615,1.797549552256113
dynamic_accel,7.665,3.1668268104312762
dynamic_accel,7.715,5.491859103969102
dynamic_accel,7.765,2.519316357363566
dynamic_accel,7.815,-0.3593487236590267
dynamic_accel,7.865,-2.6189206126370728
dynamic_accel,7.915,-5.676314797042007
dynamic_accel,7.965,-6.802917660562722
dynamic_accel,8.015,-5.988690044222227
dynamic_accel,8.065,-0.9196921092023906
dynamic_accel,8.115,4.4639378883658
dynamic_accel,8.165,4.85120300155601
dynamic_accel,8.215,6.427949911358024
dynamic_accel,8.265,5.736405443085776
dynamic_accel,8.315,5.268719463235472
dynamic_accel,8.365,0.7241526331917782
dynamic_accel,8.415,-2.4553628568076196
dynamic_accel,8.465,-5.589593284847252
dynamic_accel,8.515,-6.458658386056168
dynamic_accel,8.565,-4.084939982369677
dynamic_accel,8.615,-0.3208065064167833
dynamic_accel,8.665,2.242774820737157
dynamic_accel,8.715,1.8489367184460903
dynamic_accel,8.765,2.2756830779104895
dynamic_accel,8.815,3.930913795801162
dynamic_accel,8.865,1.97169891674592
dynamic_accel,8.915,-0.8748702238584976
dynamic_accel,8.965,-1.7294722194137453
dynamic_accel,9.015,-4.00802671490489
dynamic_accel,9.065,-4.874114581609266
dynamic_accel,9.115,-4.03967466026705
dynamic_accel,9.165,-0.3145552878008129
dynamic_accel,9.215,1.9698925502757945
dynamic_accel,9.265,3.728634235559406
dynamic_accel,9.315,3.8179012648460553
dynamic_accel,9.365,3.5584111207679356
dynamic_accel,9.415,3.327330685246075
dynamic_accel,9.465,1.1423293673651251
dynamic_accel,9.515,-0.7046489324627956
dynamic_accel,9.565,-4.631303589482083
dynamic_accel,9.615,-5.167940771462604
dynamic_accel,9.665,-2.3836094810812174
dynamic_accel,9.715,-0.624630766594926
dynamic_accel,9.765,0.7926161943658698
dynamic_accel,9.815,1.9332684368797306
dynamic_accel,9.865,3.983477983136954
dynamic_accel,9.915,4.749065221175993
dynamic_accel,9.965,1.8827653275115068
dynamic_accel,10.015,0.453650377945813
dynamic_accel,10.065,-2.6279055684720447
dynamic_accel,10.115,-4.07693378899838
dynamic_accel,10.165,-3.92796562503953
dynamic_accel,10.215,-2.4274361059863327
dynamic_accel,10.265,-1.1073235650214261
dynamic_accel,10.315,0.4143114199944069
dynamic_accel,10.365,2.3092420587868627
dynamic_accel,10.415,4.078059859656964
dynamic_accel,10.465,3.350946045931341
dynamic_accel,10.515,1.0804947727002894
dynamic_accel,10.565,-1.0683449705259278
dynamic_accel,10.615,-1.814804532048413
dynamic_accel,10.665,-3.4603623113542
dynamic_accel,10.715,-3.0502607644232773
dynamic_accel,10.765,-1.2908030697959685
dynamic_accel,10.815,0.39263333955770285
dynamic_accel,10.865,1.071117869757563
dynamic_accel,10.915,1.3774426120800172
dynamic_accel,10.965,2.7817423533320316
dynamic_accel,11.015,5.104084437774816
dynamic_accel,11.065,2.9765522585651034
dynamic_accel,11.115,0.3838707790420379
dynamic_accel,11.165,-1.4296335904971276
dynamic_accel,11.215,-3.7804323443017624
dynamic_accel,11.265,-4.572791554216767
dynamic_accel,11.315,-3.93581724790828
dynamic_accel,11.365,-2.6054267790027303
dynamic_accel,11.415,-0.584328739559556
dynamic_accel,11.465,1.5751231428083443
dynamic_accel,11.515,3.5946180777005736
dynamic_accel,11.565,4.414990863582386
dynamic_accel,11.615,3.001782224822337
dynamic_accel,11.665,1.6238837194867326
dynamic_accel,11.715,0.7888067216136871
dynamic_accel,11.765,-2.513841700346976
dynamic_accel,11.815,-5.110353712482893
dynamic_accel,11.865,-3.924396465779189
dynamic_accel,11.915,-1.4401173209962295
dynamic_accel,11.965,0.3067742055577316
dynamic_accel,12.015,1.3854027557009623
dynamic_accel,12.065,2.856280322245871
dynamic_accel,12.115,3.6846563369484286
dynamic_accel,12.165,3.4427732776426794
dynamic_accel,12.215,2.340578911709244
dynamic_accel,12.265,-0.20318125184715363
dynamic_accel,12.315,-3.142252273064029
dynamic_accel,12.365,-5.126263440447136
dynamic_accel,12.415,-5.067154477557324
dynamic_accel,12.465,-2.344763873043643
dynamic_accel,12.515,0.1081256952579448
dynamic_accel,12.565,1.4027781935657426
dynamic_accel,12.615,3.481192631272723
dynamic_accel,12.665,4.168080046287972
dynamic_accel,12.715,4.424570799417392
dynamic_accel,12.765,3.7222752265610204
dynamic_accel,12.815,1.3187492576615423
dynamic_accel,12.865,-3.2181420747609764
dynamic_accel,12.915,-6.240808345027418
dynamic_accel,12.965,-5.692230092103598
dynamic_accel,13.015,-2.763436232846864
dynamic_accel,13.065,-0.3645841768542706
dynamic_accel,13.115,0.5226045818875775
dynamic_accel,13.165,2.360195184248525
dynamic_accel,13.215,5.602602313249291
dynamic_accel,13.265,5.774018670804274
dynamic_accel,13.315,3.663641382348926
dynamic_accel,13.365,1.2180566559908979
dynamic_accel,13.415,-4.295809973698943
dynamic_accel,13.465,-6.569020101629591
dynamic_accel,13.515,-5.6795867571877166
dynamic_accel,13.565,-3.702605953673471
dynamic_accel,13.615,-0.6675411557550177
dynamic_accel,13.665,1.0405037866674345
dynamic_accel,13.715,4.234086393535119
dynamic_accel,13.765,5.73657373467851
dynamic_accel,13.815,4.919191911918196
dynamic_accel,13.865,2.1796177349791996
dynamic_accel,13.915,0.7061047061189818
dynamic_accel,13.965,-1.6484132538345708
dynamic_accel,14.015,-4.722256155993123
dynamic_accel,14.065,-5.530786626506327
dynamic_accel,14.115,-4.598457953626143
dynamic_accel,14.165,-1.5639049494387152
dynamic_accel,14.215,0.7392001312213257
dynamic_accel,14.265,1.6350552959986757
dynamic_accel,14.315,5.552134258935537
dynamic_accel,14.365,5.445418916311269
dynamic_accel,14.415,3.4381094535166987
dynamic_accel,14.465,1.1369999203032517
dynamic_accel,14.515,-2.7804543331927594
dynamic_accel,14.565,-4.966228684186665
dynamic_accel,14.615,-4.941567825686018
dynamic_accel,14.665,-3.2504556581817976
dynamic_accel,14.715,-0.7862257776567265
dynamic_accel,14.765,1.3960578561138934
dynamic_accel,14.815,2.9572664211196322
dynamic_accel,14.865,3.1992585260012856
dynamic_accel,14.915,5.290505856408563
dynamic_accel,14.965,2.416570003370479
dynamic_accel,15.015,0.14312523367894947
dynamic_accel,15.065,-2.5650054745627537
dynamic_accel,15.115,-4.8621377883061685
dynamic_accel,15.165,-3.734026147306727
dynamic_accel,15.215,-1.5837717930251838
dynamic_accel,15.265,-0.4570878912039582
dynamic_accel,15.315,0.22364183809714078
dynamic_accel,15.365,1.6680574835528788
dynamic_accel,15.415,4.205891166923504
dynamic_accel,15.465,4.343241215727707
dynamic_accel,15.515,1.7729345474111255
dynamic_accel,15.565,-0.39011070695236505
dynamic_accel,15.615,-2.3638478875303424
dynamic_accel,15.665,-3.946532779661964
dynamic_accel,15.715,-2.756226030907386
dynamic_accel,15.765,-1.8620925259396834
dynamic_accel,15.815,-0.5531069781061717
dynamic_accel,15.865,0.44044770253678145
dynamic_accel,15.915,2.1337758580160884
dynamic_accel,15.965,3.2971503819428953
dynamic_accel,16.015,3.969044914097829
dynamic_accel,16.065,1.148834569594408
dynamic_accel,16.115,-1.7563311459178825
dynamic_accel,16.165,-1.1067782112893383
dynamic_accel,16.215,-3.0008766648666905
dynamic_accel,16.265,-1.9581293328196452
dynamic_accel,16.315,-1.3212696917199
dynamic_accel,16.365,-0.8747305623961648
dynamic_accel,16.415,0.24985753758445917
dynamic_accel,16.465,1.3982386500242558
dynamic_accel,16.515,2.292681250292766
dynamic_accel,16.565,3.4349087784681913
dynamic_accel,16.615,2.2432870461606473
dynamic_accel,16.665,-0.29006797581303445
dynamic_accel,16.715,-1.873613080005482
dynamic_accel,16.765,-1.7607008981290022
dynamic_accel,16.815,-3.773073970643856
dynamic_accel,16.865,-4.4698240187871425
dynamic_accel,16.915,-3.961540770304758
dynamic_accel,16.965,-0.5113680798899249
dynamic_accel,17.015,1.3456546908958664
dynamic_accel,17.065,2.6046223307804564
dynamic_accel,17.115,3.9204276977027614
dynamic_accel,17.165,5.465913924874473
dynamic_accel,17.215,6.798928221508875
dynamic_accel,17.265,3.194321071918907
dynamic_accel,17.315,0.5668819841668107
dynamic_accel,17.365,-3.885562735443054
dynamic_accel,17.415,-5.242818075297064
dynamic_accel,17.465,-1.7631602668402326
dynamic_accel,17.515,-3.7350119930777446
dynamic_accel,17.565,-3.9198105364660325
dynamic_accel,17.615,-3.017259434071847
dynamic_accel,17.665,2.24343535747858
dynamic_accel,17.715,7.064221458848452
dynamic_accel,17.765,4.8121130387204545
dynamic_accel,17.815,1.650057524844728
dynamic_accel,17.865,-0.9255173233847707
dynamic_accel,17.915,-3.0458700668079217
dynamic_accel,17.965,-5.146944996486225
dynamic_accel,18.015,-4.314624917079428
dynamic_accel,18.065,-2.552091343928444
dynamic_accel,18.115,0.4956031156516154
dynamic_accel,18.165,1.6131724656327364
dynamic_accel,18.215,3.873630655252507
dynamic_accel,18.265,4.609995174395991
dynamic_accel,18.315,6.344272438065648
dynamic_accel,18.365,2.9254716738336377
dynamic_accel,18.415,0.7083586689511296
dynamic_accel,18.465,-1.8227637019788396
dynamic_accel,18.515,-4.6692500445993055
dynamic_accel,18.565,-5.7696997109444315
dynamic_accel,18.615,-4.78033710322703
dynamic_accel,18.665,-3.118608957025473
dynamic_accel,18.715,-1.086207058611702
dynamic_accel,18.765,2.7136501326130595
dynamic_accel,18.815,7.3633852362300445
dynamic_accel,18.865,4.787464262681997
dynamic_accel,18.915,1.695332991645726
dynamic_accel,18.965,1.3092630974006614
dynamic_accel,19.015,-3.9744411951835286
dynamic_accel,19.065,-6.169268659483423
dynamic_accel,19.115,-6.222713173609317
dynamic_accel,19.165,-4.139072407766411
dynamic_accel,19.215,0.2186955366527208
dynamic_accel,19.265,3.854754912937622
dynamic_accel,19.315,3.296370921697017
dynamic_accel,19.365,4.15208172787616
dynamic_accel,19.415,4.756715885626475
dynamic_accel,19.465,6.615905176937861
dynamic_accel,19.515,4.2894841960543495
dynamic_accel,19.565,-1.8386591768262548
dynamic_accel,19.615,-5.324649200424492
dynamic_accel,19.665,-6.397747644894134
dynamic_accel,19.715,-6.645098904257095
dynamic_accel,19.765,-3.011468646129096
dynamic_accel,19.815,-0.495234228391757
dynamic_accel,19.865,0.047952006147685466
dynamic_accel,19.915,4.465827248062675
dynamic_accel,19.965,5.862418937340845
dynamic_accel,20.015,4.678402334766446
dynamic_accel,20.065,2.3299881600701404
dynamic_accel,20.115,-3.672793582987655
dynamic_accel,20.165,-4.7534062136583035
dynamic_accel,20.215,-4.556471104285618
dynamic_accel,20.265,-2.7038176384062
dynamic_accel,20.315,0.502601585609364
dynamic_accel,20.365,1.3914635131566637
dynamic_accel,20.415,3.291254578439908
dynamic_accel,20.465,3.30901839567292
dynamic_accel,20.515,3.7156431777607253
dynamic_accel,20.565,4.031549615270304
dynamic_accel,20.615,1.1012788869026942
dynamic_accel,20.665,-2.8796365836985274
dynamic_accel,20.715,-3.7600147702678806
dynamic_accel,20.765,-3.966799778185192
dynamic_accel,20.815,-3.6125936647004613
dynamic_accel,20.865,-1.2075135838260707
dynamic_accel,20.915,-1.2714243630986068
dynamic_accel,20.965,1.288488950162618
dynamic_accel,21.015,3.4957608576699286
dynamic_accel,21.065,4.791671415688185
dynamic_accel,21.115,2.38359558559112
dynamic_accel,21.165,0.037417969068322066
dynamic_accel,21.215,-4.278246678421869
dynamic_accel,21.265,-5.2773773540139475
dynamic_accel,21.315,-4.2691710688852815
dynamic_accel,21.365,-0.08390624123282109
dynamic_accel,21.415,1.018159893410827
dynamic_accel,21.465,1.7802925437085282
dynamic_accel,21.515,3.178871375264208
dynamic_accel,21.565,3.249816378905823
dynamic_accel,21.615,6.400429365982095
dynamic_accel,21.665,5.44938806178552
dynamic_accel,21.715,1.5176443128740402
dynamic_accel,21.765,-3.435036423268566
dynamic_accel,21.815,-5.552801477908161
dynamic_accel,21.865,-5.592266358442749
dynamic_accel,21.915,-3.869654138527248
dynamic_accel,21.965,-0.6293770666240555
dynamic_accel,22.015,-1.4018203685373187
dynamic_accel,22.065,-0.21124827751479458
dynamic_accel,22.115,1.7684166434251232
dynamic_accel,22.165,3.4469177546172443
dynamic_accel,22.215,3.4965726385814158
dynamic_accel,22.265,0.8269769940526999
dynamic_accel,22.315,-2.88641996534371
dynamic_accel,22.365,-4.133498786636219
dynamic_accel,22.415,-2.975384037835642
dynamic_accel,22.465,-1.147651338276118
dynamic_accel,22.515,0.467148925002407
dynamic_accel,22.565,2.8886947546778714
dynamic_accel,22.615,4.956627884576779
dynamic_accel,22.665,6.4420179820107535
dynamic_accel,22.715,5.517553085602845
dynamic_accel,22.765,1.8861014469012343
dynamic_accel,22.815,-1.3621847131529528
dynamic_accel,22.865,-4.00884394645596
dynamic_accel,22.915,-4.554190927857097
dynamic_accel,22.965,-4.417033495176565
dynamic_accel,23.015,-5.318448072055878
dynamic_accel,23.065,-5.219960252283618
dynamic_accel,23.115,-2.9411224691023374
dynamic_accel,23.165,3.5427780448910493
dynamic_accel,23.215,7.157653841490584
dynamic_accel,23.265,5.849168549066892
dynamic_accel,23.315,3.2087314099045123
dynamic_accel,23.365,0.1701425133699459
dynamic_accel,23.415,-3.7457283794326504
dynamic_accel,23.465,-4.12695532078738
dynamic_accel,23.515,-3.7165148221169115
dynamic_accel,23.565,-1.9717402284206642
dynamic_accel,23.615,0.5311208659615847
dynamic_accel,23.665,2.39585213842601
dynamic_accel,23.715,4.834940983946666
dynamic_accel,23.765,5.503113382047715
dynamic_accel,23.815,4.7718516559514
dynamic_accel,23.865,3.092497925391582
dynamic_accel,23.915,-2.1834356488125746
dynamic_accel,23.965,-5.496742497583656
dynamic_accel,24.015,-5.651155405720358
dynamic_accel,24.065,-4.811159638106289
dynamic_accel,24.115,-3.194909678988193
dynamic_accel,24.165,-2.9876686739386855
dynamic_accel,24.215,0.09897422112903342
dynamic_accel,24.265,5.661215843898905
dynamic_accel,24.315,6.236541844285496
dynamic_accel,24.365,4.167639519552923
dynamic_accel,24.415,2.8559288735989927
dynamic_accel,24.465,-2.451193254227693
dynamic_accel,24.515,-6.3537745202053255
dynamic_accel,24.565,-5.9013764413482495
dynamic_accel,24.615,-3.6267941554697565
dynamic_accel,24.665,-0.4452077213047243
dynamic_accel,24.715,1.4185490586348326
dynamic_accel,24.765,3.012913918483104
dynamic_accel,24.815,2.851400315395141
dynamic_accel,24.865,5.640699256984387
dynamic_accel,24.915,6.022463088587488
dynamic_accel,24.965,4.0519957471054795
dynamic_accel,25.015,-0.2424720059582306
dynamic_accel,25.065,-4.206205477177626
dynamic_accel,25.115,-3.7639044796322585
dynamic_accel,25.165,-2.0995177928716178
dynamic_accel,25.215,-2.304027188606206
dynamic_accel,25.265,-1.7901459375388438
dynamic_accel,25.315,-1.034647972082924
dynamic_accel,25.365,1.4157788771605038
dynamic_accel,25.415,2.4505573793670283
dynamic_accel,25.465,1.3315426457577697
dynamic_accel,25.515,-0.055901717962878905
dynamic_accel,25.565,-1.9539479136959352
dynamic_accel,25.615,-2.938842211909762
dynamic_accel,25.665,-2.735201831784467
dynamic_accel,25.715,-0.40689850097964
dynamic_accel,25.765,0.5921498786393506
dynamic_accel,25.815,1.6416128841835196
dynamic_accel,25.865,3.1716579683267625
dynamic_accel,25.915,2.7697558107379265
dynamic_accel,25.965,3.2531438858802204
dynamic_accel,26.015,-0.8657092754057185
dynamic_accel,26.065,0.5587484543608792
dynamic_accel,26.115,-2.647192200832805
dynamic_accel,26.165,-3.720118391548474
dynamic_accel,26.215,-2.137369754251644
dynamic_accel,26.265,-0.5723758596526931
dynamic_accel,26.315,-0.04652998418806753
dynamic_accel,26.365,0.2961425746530928
dynamic_accel,26.415,1.0958538441049406
dynamic_accel,26.465,1.9608493072150903
dynamic_accel,26.515,3.452476951234093
dynamic_accel,26.565,1.4330828772482676
dynamic_accel,26.615,0.6560352174913717
dynamic_accel,26.665,-0.9434055048376067
dynamic_accel,26.715,-2.905146212625958
dynamic_accel,26.765,-2.025318908901472
dynamic_accel,26.815,-1.6926051223196126
dynamic_accel,26.865,-1.5804369518749173
dynamic_accel,26.915,-0.5994528680255655
dynamic_accel,26.965,0.30747392456623857
dynamic_accel,27.015,0.44145432149834996
dynamic_accel,27.065,1.938906962413574
dynamic_accel,27.115,3.0551799964979534
dynamic_accel,27.165,2.162908080728174
dynamic_accel,27.215,1.458894806104304
dynamic_accel,27.265,0.7341813413486236
dynamic_accel,27.315,-1.328929430950776
dynamic_accel,27.365,-3.4859729639461303
dynamic_accel,27.415,-4.233802009914099
dynamic_accel,27.465,-2.685352131824544
dynamic_accel,27.515,0.27741897676053284
dynamic_accel,27.565,1.1708245684148988
dynamic_accel,27.615,2.110585639611001
dynamic_accel,27.665,3.57989491521465
dynamic_accel,27.715,3.1762279631435373
dynamic_accel,27.765,2.134565413004525
dynamic_accel,27.815,1.2707635093258158
dynamic_accel,27.865,-3.2371301559971304
dynamic_accel,27.915,-5.93854730151312
dynamic_accel,27.965,-5.923824408644234
dynamic_accel,28.015,-2.2025557890705567
dynamic_accel,28.065,-0.11512081552023545
dynamic_accel,28.115,1.9413480217830728
dynamic_accel,28.165,4.445646147597664
dynamic_accel,28.215,4.092263287703771
dynamic_accel,28.265,4.4919252400712875
dynamic_accel,28.315,6.449161372236183
dynamic_accel,28.365,0.8095350004192028
dynamic_accel,28.415,-3.566309473936853
dynamic_accel,28.465,-5.159654880277786
dynamic_accel,28.515,-5.021254201792407
dynamic_accel,28.565,-1.6515070510600154
dynamic_accel,28.615,-0.5848284964525376
dynamic_accel,28.665,0.09624575174918348
dynamic_accel,28.715,1.6190854783831554
dynamic_accel,28.765,5.465399019446751
dynamic_accel,28.815,1.4848747811295162
dynamic_accel,28.865,-0.35396874710554016
dynamic_accel,28.915,-1.8628267722883152
dynamic_accel,28.965,-3.5285169847114126
dynamic_accel,29.015,-3.480519412235756
dynamic_accel,29.065,-3.3775710602086875
dynamic_accel,29.115,0.5269342090474023
dynamic_accel,29.165,1.6933446863475599
dynamic_accel,29.215,2.1741269991686814
dynamic_accel,29.265,4.270832895181128
dynamic_accel,29.315,3.362922766982214
dynamic_accel,29.365,3.5323199181729272
dynamic_accel,29.415,-0.6199079322875338
dynamic_accel,29.465,-2.7762940325807266
dynamic_accel,29.515,-4.653700144708967
dynamic_accel,29.565,-4.302963480129671
dynamic_accel,29.615,-1.9475726067587953
dynamic_accel,29.665,-0.14178904864364839
dynamic_accel,29.715,0.8460979597741556
dynamic_accel,29.765,2.0422917491900545
dynamic_accel,29.815,3.5980823657600354
dynamic_accel,29.865,4.682697281282104
dynamic_accel,29.915,2.9608096981542786
dynamic_accel,29.965,-0.11221690754550373
dynamic_accel,30.015,-1.8981127920467937
dynamic_accel,30.065,-4.301870942794388
dynamic_accel,30.115,-3.7830978067360705
dynamic_accel,30.165,-2.4374735101008698
dynamic_accel,30.215,-0.9744206962644792
dynamic_accel,30.265,1.4851742390415108
dynamic_accel,30.315,2.725939570094896
dynamic_accel,30.365,2.4714204071953354
dynamic_accel,30.415,2.9642158218008827
dynamic_accel,30.465,1.4549610210265183
dynamic_accel,30.515,-1.1704077934064063
dynamic_accel,30.565,-2.062282745545067
dynamic_accel,30.615,-3.026300715062524
dynamic_accel,30.665,-2.986490296895246
dynamic_accel,30.715,-1.2911240212173034
dynamic_accel,30.765,0.44907658735715117
dynamic_accel,30.815,1.459645903517675
dynamic_accel,30.865,2.2092305195777424
dynamic_accel,30.915,3.074382648585779
dynamic_accel,30.965,3.150300976609861
dynamic_accel,31.015,0.9385899888720619
dynamic_accel,31.065,-0.004524197950209086
dynamic_accel,31.115,-2.2813438148930647
dynamic_accel,31.165,-4.332667843981728
dynamic_accel,31.215,-3.3962045285723335
dynamic_accel,31.265,-1.764486552199914
dynamic_accel,31.315,0.14997915552684837
dynamic_accel,31.365,1.4780001828561389
dynamic_accel,31.415,2.5680565077897484
dynamic_accel,31.465,3.5198569251564518
dynamic_accel,31.515,3.1062858319687
dynamic_accel,31.565,0.7923979202139773
dynamic_accel,31.615,-1.2547968555843383
dynamic_accel,31.665,-1.705441964668852
dynamic_accel,31.715,-3.7626034713215253
dynamic_accel,31.765,-3.6075407945546862
dynamic_accel,31.815,-1.5446958334244094
dynamic_accel,31.865,0.48411579002912575
dynamic_accel,31.915,1.1500944778539264
dynamic_accel,31.965,2.1472433767431482
dynamic_accel,32.015,3.8565897505933098
dynamic_accel,32.065,4.095277896147568
dynamic_accel,32.115,2.587994642240714
dynamic_accel,32.165,0.18116096073686627
dynamic_accel,32.215,-2.9606184540830185
dynamic_accel,32.265,-5.3973297205625625
dynamic_accel,32.315,-5.3774371443552065
dynamic_accel,32.365,-3.5289380659670035
dynamic_accel,32.415,0.8296231176391604
dynamic_accel,32.465,2.5817082358391517
dynamic_accel,32.515,2.8050306898527992
dynamic_accel,32.565,3.4232562215501208
dynamic_accel,32.615,4.14570788466324
dynamic_accel,32.665,2.3244597377062988
dynamic_accel,32.715,0.3012983328158789
dynamic_accel,32.765,-1.9254536323313953
dynamic_accel,32.815,-4.670454427060846
dynamic_accel,32.865,-3.9923403561076585
dynamic_accel,32.915,-2.2605460955437877
dynamic_accel,32.965,-0.7521768412628109
dynamic_accel,33.015,-0.07695259113169683
dynamic_accel,33.065,0.30437649784388654
dynamic_accel,33.115,2.294712359823407
dynamic_accel,33.165,3.8757451907044924
dynamic_accel,33.215,4.0266352268395185
dynamic_accel,33.265,3.1176256634305926
dynamic_accel,33.315,-0.6530288113337548
dynamic_accel,33.365,-4.069462346457456
dynamic_accel,33.415,-4.105308534138917
dynamic_accel,33.465,-2.8262582007660706
dynamic_accel,33.515,-1.0622981146093284
dynamic_accel,33.565,0.8804963765391136
dynamic_accel,33.615,2.013577460067868
dynamic_accel,33.665,2.488678796304159
dynamic_accel,33.715,2.727318648052547
dynamic_accel,33.765,3.3557149921256215
dynamic_accel,33.815,0.4613431240693
dynamic_accel,33.865,-1.3898428395626894
dynamic_accel,33.915,-2.8574462300731067
dynamic_accel,33.965,-3.1464224809894503
dynamic_accel,34.015,-2.808917311662529
dynamic_accel,34.065,-1.8951817587011508
dynamic_accel,34.115,-0.15441871314785338
dynamic_accel,34.165,0.842510272261876
dynamic_accel,34.215,1.493098913054947
dynamic_accel,34.265,2.3070681116140435
dynamic_accel,34.315,2.9566230519034953
dynamic_accel,34.365,3.208402458705949
dynamic_accel,34.415,1.2378561232346659
dynamic_accel,34.465,-1.9990949368083584
dynamic_accel,34.515,-3.795644767797137
dynamic_accel,34.565,-3.556177470767852
dynamic_accel,34.615,-2.0593895585199515
dynamic_accel,34.665,-0.7866049584935961
dynamic_accel,34.715,0.35816652590836995
dynamic_accel,34.765,1.8449447422868257
dynamic_accel,34.815,3.1268244953088367
dynamic_accel,34.865,4.451518995021388
dynamic_accel,34.915,1.2504677106863795
dynamic_accel,34.965,-0.4773264052606656
dynamic_accel,35.015,-0.6725421704597512
dynamic_accel,35.065,-1.9579575626600914
dynamic_accel,35.115,-3.0465208338132657
dynamic_accel,35.165,-2.0354870200953012
dynamic_accel,35.215,-1.4277950443197636
dynamic_accel,35.265,-0.0026942574452917256
dynamic_accel,35.315,0.5955424889271885
dynamic_accel,35.365,1.9560366319637055
dynamic_accel,35.415,1.8237606250657485
dynamic_accel,35.465,1.8633342735942087
dynamic_accel,35.515,1.0653523971310115
dynamic_accel,35.565,1.862127569783084
dynamic_accel,35.615,-0.7115427779495764
dynamic_accel,35.665,-2.1665468180431677
dynamic_accel,35.715,-2.2264837471970633
dynamic_accel,35.765,-1.361583758240199
dynamic_accel,35.815,-1.2416649656993588
dynamic_accel,35.865,-0.6321503494110541
dynamic_accel,35.915,0.21515102587351898
dynamic_accel,35.965,0.9285829146358022
dynamic_accel,36.015,1.7845971638080957
dynamic_accel,36.065,1.7995867882672751
dynamic_accel,36.115,2.1916233971793933
dynamic_accel,36.165,-0.674817721984871
dynamic_accel,36.215,-0.9083632645473507
dynamic_accel,36.265,-0.8970000996191061
dynamic_accel,36.315,-1.1634717814130546
dynamic_accel,36.365,-1.0247937912126641
dynamic_accel,36.415,-0.5211366963534161
dynamic_accel,36.465,0.39358875194836074
dynamic_accel,36.515,0.8236931773905241
dynamic_accel,36.565,0.8135011708511346
dynamic_accel,36.615,0.05813101281174937
dynamic_accel,36.665,0.01712102781616842
dynamic_accel,36.715,-0.1251377311487385
dynamic_accel,36.765,-0.041127466654755196
dynamic_accel,36.815,-0.048469486872834366
dynamic_accel,36.865,-0.2623951486331588
dynamic_accel,36.915,-0.39279166030015666
dynamic_accel,36.965,0.1667788783603399
dynamic_accel,37.015,0.3869893446874997
dynamic_accel,37.065,-0.03825149717314602
dynamic_accel,37.115,-0.15933060841972946
dynamic_accel,37.165,-0.21055728826152809
dynamic_accel,37.215,-0.26479239894058537
dynamic_accel,37.265,-0.017266501105254406
dynamic_accel,37.315,0.11154763876833762
dynamic_accel,37.365,-0.008572717849329337
dynamic_accel,37.415,0.7131259434631225
magnetic_norm,0.07,55.74681030585733
magnetic_norm,0.162,55.818532834503095
magnetic_norm,0.266,55.73724635538707
magnetic_norm,0.362,55.26433771531845
magnetic_norm,0.475,55.32477586311417
magnetic_norm,0.574,54.897007711419796
magnetic_norm,0.674,54.4546422127643
magnetic_norm,0.76,54.10873036374835
magnetic_norm,0.859,53.633339827630664
magnetic_norm,0.959,52.773483796987506
magnetic_norm,1.079,52.2757003104414
magnetic_norm,1.168,52.08696797516497
magnetic_norm,1.273,51.52189527673179
magnetic_norm,1.357,50.717072719995954
magnetic_norm,1.456,50.13752498736498
magnetic_norm,1.569,49.49716262932546
magnetic_norm,1.668,48.96070358342053
magnetic_norm,1.762,48.69475574910711
magnetic_norm,1.864,48.11022615674598
magnetic_norm,1.954,47.40895101076317
magnetic_norm,2.054,46.54669935934618
magnetic_norm,2.153,45.81784375570107
magnetic_norm,2.254,44.95090675947496
magnetic_norm,2.352,44.51317289012545
magnetic_norm,2.472,43.985788326462895
magnetic_norm,2.554,43.646698674662765
magnetic_norm,2.667,43.03835027409525
magnetic_norm,2.778,42.227544815740906
magnetic_norm,2.867,41.42235315453832
magnetic_norm,2.962,40.74850388855971
magnetic_norm,3.062,40.116937317121675
magnetic_norm,3.149,39.54995764556176
magnetic_norm,3.248,38.78051785357767
magnetic_norm,3.362,37.66000237048326
magnetic_norm,3.447,37.61955977941487
magnetic_norm,3.56,36.80800086664999
magnetic_norm,3.646,36.69254408216415
magnetic_norm,3.746,36.093144657699995
magnetic_norm,3.853,35.45597281161269
magnetic_norm,3.965,34.91511705539483
magnetic_norm,4.058,34.7407550177296
magnetic_norm,4.144,34.265322573341315
magnetic_norm,4.243,34.45619057153574
magnetic_norm,4.343,34.64765767119141
magnetic_norm,4.442,33.9098910385753
magnetic_norm,4.565,33.76622112164306
magnetic_norm,4.656,33.83623771160776
magnetic_norm,4.748,33.99639306030454
magnetic_norm,4.84,34.246758105209395
magnetic_norm,4.94,34.59923999555954
magnetic_norm,5.041,35.155293672940964
magnetic_norm,5.14,35.25349792872494
magnetic_norm,5.239,35.28810624578489
magnetic_norm,5.352,35.400123030732466
magnetic_norm,5.438,35.26642904283459
magnetic_norm,5.537,35.62752827945108
magnetic_norm,5.637,36.09983346466369
magnetic_norm,5.736,36.99464020971925
magnetic_norm,5.836,37.61080707908737
magnetic_norm,5.935,38.37422848825139
magnetic_norm,6.049,39.062445388375416
magnetic_norm,6.157,40.16471494911255
magnetic_norm,6.247,41.261861318362854
magnetic_norm,6.333,41.996892649431494
magnetic_norm,6.433,42.546739510871625
magnetic_norm,6.533,43.23942449039867
magnetic_norm,6.646,43.65960801544105
magnetic_norm,6.732,44.26710445497971
magnetic_norm,6.831,44.40847799385497
magnetic_norm,6.947,44.15694886289292
magnetic_norm,7.03,43.543679769105374
magnetic_norm,7.13,43.06455471720465
magnetic_norm,7.242,42.52526749179904
magnetic_norm,7.343,41.9688444645981
magnetic_norm,7.428,41.700593423344344
magnetic_norm,7.53,41.68256862137764
magnetic_norm,7.627,41.3278697426467
magnetic_norm,7.73,40.84729610731581
magnetic_norm,7.83,41.11197165614735
magnetic_norm,7.926,41.00257166782306
magnetic_norm,8.027,40.83610488798516
magnetic_norm,8.125,40.389768980565336
magnetic_norm,8.225,40.41309527785646
magnetic_norm,8.324,39.934882774302956
magnetic_norm,8.437,39.754526812702956
magnetic_norm,8.537,39.45118898626917
magnetic_norm,8.623,39.17481568688671
magnetic_norm,8.741,38.99879492749751
magnetic_norm,8.822,38.67152103007852
magnetic_norm,8.921,38.66389993601454
magnetic_norm,9.036,38.72464750019062
magnetic_norm,9.12,38.571003481831504
magnetic_norm,9.22,38.632395819738825
magnetic_norm,9.33,38.40845513547204
magnetic_norm,9.419,38.17463589957251
magnetic_norm,9.519,38.375548694189284
magnetic_norm,9.618,38.631584138616276
magnetic_norm,9.718,38.74507925795569
magnetic_norm,9.817,39.2055352405539
magnetic_norm,9.931,39.66024041529075
magnetic_norm,10.016,40.5437869643885
magnetic_norm,10.116,41.52440771680037
magnetic_norm,10.215,42.34662851257232
magnetic_norm,10.317,43.260672809880305
magnetic_norm,10.414,43.99575133269037
magnetic_norm,10.527,44.62567107157906
magnetic_norm,10.616,45.46793687955088
magnetic_norm,10.713,46.26674810390868
magnetic_norm,10.812,46.66810753588205
magnetic_norm,10.926,47.14939431499734
magnetic_norm,11.012,47.538308487979876
magnetic_norm,11.111,48.15281367767422
magnetic_norm,11.223,48.786605644293424
magnetic_norm,11.31,49.37186055056607
magnetic_norm,11.41,49.949564431221056
magnetic_norm,11.509,50.38198635631364
magnetic_norm,11.629,50.738570308148745
magnetic_norm,11.721,51.24558232576497
magnetic_norm,11.808,51.396207155896406
magnetic_norm,11.907,51.68211085439987
magnetic_norm,12.01,51.304047781028316
magnetic_norm,12.106,50.74477509293033
magnetic_norm,12.206,50.20328415958724
magnetic_norm,12.319,49.45843266958879
magnetic_norm,12.405,48.98914427126331
magnetic_norm,12.504,48.625272332349105
magnetic_norm,12.604,48.106817426143834
magnetic_norm,12.714,47.50257145218702
magnetic_norm,12.81,47.50081078275137
magnetic_norm,12.903,47.27181279003781
magnetic_norm,13.002,47.2067961994089
magnetic_norm,13.124,46.956485576614526
magnetic_norm,13.215,46.64989339193508
magnetic_norm,13.309,46.30399750512751
magnetic_norm,13.425,46.21537041269381
magnetic_norm,13.513,46.315996652341624
magnetic_norm,13.599,46.18966892654285
magnetic_norm,13.699,46.05477294883883
magnetic_norm,13.798,45.97644157583306
magnetic_norm,13.898,46.019103821097495
magnetic_norm,14.011,46.018858815456355
magnetic_norm,14.097,45.71940229373492
magnetic_norm,14.197,45.84425528868525
magnetic_norm,14.296,45.71057159418252
magnetic_norm,14.42,44.61771474004065
magnetic_norm,14.495,44.06578294036168
magnetic_norm,14.595,43.31174124894505
magnetic_norm,14.715,42.521323341307316
magnetic_norm,14.794,41.49620754683149
magnetic_norm,14.91,40.269006218532994
magnetic_norm,15.006,39.210778975444576
magnetic_norm,15.106,38.57214180079302
magnetic_norm,15.192,37.733897007138005
magnetic_norm,15.305,36.81952207577222
magnetic_norm,15.403,35.9061369319055
magnetic_norm,15.504,34.40505681672751
magnetic_norm,15.595,33.77840144430379
magnetic_norm,15.702,33.53829218677925
magnetic_norm,15.789,33.96109760003912
magnetic_norm,15.891,33.87820037429106
magnetic_norm,16.002,34.33724490723578
magnetic_norm,16.088,34.86268800839556
magnetic_norm,16.219,35.717526182599705
magnetic_norm,16.3,35.8968783409882
magnetic_norm,16.386,36.5330138253887
magnetic_norm,16.501,36.93066965330339
magnetic_norm,16.599,37.414695724776344
magnetic_norm,16.685,37.55775826424308
magnetic_norm,16.784,38.016445320970405
magnetic_norm,16.884,38.09020458900822
magnetic_norm,16.983,38.937995173283795
magnetic_norm,17.083,39.5310441913299
magnetic_norm,17.196,39.61403674593403
magnetic_norm,17.296,39.64052274241992
magnetic_norm,17.404,39.6838926790749
magnetic_norm,17.494,39.895637589294836
magnetic_norm,17.581,39.83511883956671
magnetic_norm,17.68,40.35375355228484
magnetic_norm,17.787,40.28547081475724
magnetic_norm,17.894,40.711733088313416
magnetic_norm,17.979,41.346939225116635
magnetic_norm,18.1,42.28009021241463
magnetic_norm,18.178,43.312469742334464
magnetic_norm,18.288,44.18572777010749
magnetic_norm,18.39,44.98274703286047
magnetic_norm,18.478,45.96119913321049
magnetic_norm,18.576,46.589899059997215
magnetic_norm,18.681,47.026048376086564
magnetic_norm,18.775,47.21464315286041
magnetic_norm,18.895,46.88353276740963
magnetic_norm,18.976,46.20917675702413
magnetic_norm,19.086,45.926286418541956
magnetic_norm,19.173,45.20214312542051
magnetic_norm,19.273,44.241790970234476
magnetic_norm,19.385,42.38804442880706
magnetic_norm,19.472,40.725746987321145
magnetic_norm,19.587,40.514012511641134
magnetic_norm,19.681,40.63023505343032
magnetic_norm,19.783,40.721582848435766
magnetic_norm,19.874,40.75878797503975
magnetic_norm,19.969,40.102033869288306
magnetic_norm,20.084,40.58859020703785
magnetic_norm,20.181,41.215806360224065
magnetic_norm,20.273,41.1148026166223
magnetic_norm,20.383,41.89815937299629
magnetic_norm,20.477,42.68419207950345
magnetic_norm,20.584,42.60117713867723
magnetic_norm,20.683,43.12698038036514
magnetic_norm,20.768,43.46500642940548
magnetic_norm,20.88,43.548552240088966
magnetic_norm,20.965,43.09290138535092
magnetic_norm,21.064,42.23513129671312
magnetic_norm,21.164,41.497432166397346
magnetic_norm,21.27,40.692936978128365
magnetic_norm,21.379,40.69940626452478
magnetic_norm,21.47,40.78182645728086
magnetic_norm,21.562,40.483159631465014
magnetic_norm,21.666,40.11190372420693
magnetic_norm,21.774,39.99117003486782
magnetic_norm,21.864,40.57854573496112
magnetic_norm,21.96,41.04673833295241
magnetic_norm,22.06,41.64353321916793
magnetic_norm,22.173,41.23915471982259
magnetic_norm,22.268,40.56594577320275
magnetic_norm,22.376,39.94658714436154
magnetic_norm,22.464,39.82526432675428
magnetic_norm,22.575,39.88120212205546
magnetic_norm,22.665,39.839373764371096
magnetic_norm,22.765,39.97117625366859
magnetic_norm,22.861,40.01023890733514
magnetic_norm,22.955,39.96278895780441
magnetic_norm,23.055,40.453848020195615
magnetic_norm,23.155,40.08914849932148
magnetic_norm,23.263,39.90715114354992
magnetic_norm,23.373,39.3330088321618
magnetic_norm,23.461,39.56493580205674
magnetic_norm,23.561,39.15607367755936
magnetic_norm,23.653,39.55001480048142
magnetic_norm,23.765,38.835635730373426
magnetic_norm,23.866,38.624506652021246
magnetic_norm,23.957,38.96842755442328
magnetic_norm,24.054,39.23218525678609
magnetic_norm,24.15,40.16375525020626
magnetic_norm,24.264,40.21343291126297
magnetic_norm,24.359,39.726097541787574
magnetic_norm,24.465,38.96346666824428
magnetic_norm,24.567,38.521807749430465
magnetic_norm,24.665,38.51118211834479
magnetic_norm,24.747,38.345601480014
magnetic_norm,24.858,38.06665654610065
magnetic_norm,24.954,38.1474686798915
magnetic_norm,25.06,37.845309438152896
magnetic_norm,25.145,38.20827829718444
magnetic_norm,25.245,38.34193579752361
magnetic_norm,25.344,38.44675549365651
magnetic_norm,25.452,38.404193489342695
magnetic_norm,25.543,38.32108651167941
magnetic_norm,25.653,38.81870751180443
magnetic_norm,25.753,39.63804098774869
magnetic_norm,25.847,40.153283269979646
magnetic_norm,25.952,41.09905218065125
magnetic_norm,26.041,42.44994105216297
magnetic_norm,26.145,42.817823312533264
magnetic_norm,26.24,42.72200265711391
magnetic_norm,26.34,41.93631853422503
magnetic_norm,26.439,41.45791125532022
magnetic_norm,26.54,40.99936841682761
magnetic_norm,26.638,40.60405204952356
magnetic_norm,26.751,40.398788955174105
magnetic_norm,26.837,40.55016975900346
magnetic_norm,26.937,40.55420101013991
magnetic_norm,27.05,40.332993040930674
magnetic_norm,27.155,40.00147471549624
magnetic_norm,27.256,39.704047447625925
magnetic_norm,27.343,39.418490817303216
magnetic_norm,27.434,39.67873003518681
magnetic_norm,27.534,40.024419673136556
magnetic_norm,27.633,39.904983723684246
magnetic_norm,27.744,39.40224373179835
magnetic_norm,27.832,39.12164870764309
magnetic_norm,27.949,39.11591437344375
magnetic_norm,28.036,39.49247896625514
magnetic_norm,28.131,39.28862158987011
magnetic_norm,28.24,38.98732421676258
magnetic_norm,28.33,38.93371003790036
magnetic_norm,28.443,39.55556194083927
magnetic_norm,28.529,39.98529540199838
magnetic_norm,28.644,39.856362237510744
magnetic_norm,28.728,39.87583469975034
magnetic_norm,28.836,40.096671612395205
magnetic_norm,28.944,40.80075219926661
magnetic_norm,29.027,41.32060773019916
magnetic_norm,29.127,41.72120343516055
magnetic_norm,29.236,41.95188560566765
magnetic_norm,29.325,42.27992513600938
magnetic_norm,29.447,42.43598329275669
magnetic_norm,29.525,42.9091372743196
magnetic_norm,29.624,43.549723320198495
magnetic_norm,29.737,44.170133703395805
magnetic_norm,29.823,44.60500571178672
magnetic_norm,29.931,45.794102350417205
magnetic_norm,30.022,46.84531028244377
magnetic_norm,30.122,47.667489575678744
magnetic_norm,30.221,48.78100090148464
magnetic_norm,30.321,50.00106365995914
magnetic_norm,30.42,50.42443016560844
magnetic_norm,30.52,50.57114450912357
magnetic_norm,30.619,50.63733585476668
magnetic_norm,30.719,50.22566987222292
magnetic_norm,30.843,49.71510026504581
magnetic_norm,30.918,48.996547270568115
magnetic_norm,31.023,48.31464600988217
magnetic_norm,31.122,47.797072684105466
magnetic_norm,31.217,47.72187063135392
magnetic_norm,31.316,47.23608782482965
magnetic_norm,31.422,46.58418015888645
magnetic_norm,31.518,45.64385479443217
magnetic_norm,31.615,44.80214005949185
magnetic_norm,31.714,44.08047321674549
magnetic_norm,31.814,43.56289491807506
magnetic_norm,31.913,43.27302021309794
magnetic_norm,32.013,42.84823374195361
magnetic_norm,32.112,42.56911354456397
magnetic_norm,32.212,42.278281230553915
magnetic_norm,32.312,42.38904662519907
magnetic_norm,32.411,42.28530249206806
magnetic_norm,32.527,41.96505363419632
magnetic_norm,32.61,41.92310101212402
magnetic_norm,32.71,41.4051368868534
magnetic_norm,32.81,40.95186439161535
magnetic_norm,32.909,40.6660748054382
magnetic_norm,33.01,40.590801617718085
magnetic_norm,33.108,40.69762085611755
magnetic_norm,33.208,39.98802541173604
magnetic_norm,33.311,39.95696319117703
magnetic_norm,33.406,39.82975300401707
magnetic_norm,33.506,40.082117286374405
magnetic_norm,33.621,40.12349258675775
magnetic_norm,33.705,40.32512790847057
magnetic_norm,33.805,39.82754709363876
magnetic_norm,33.904,39.794847005830185
magnetic_norm,34.004,39.28001429456817
magnetic_norm,34.103,39.03764589395396
magnetic_norm,34.203,39.68379706692828
magnetic_norm,34.302,39.75629750463702
magnetic_norm,34.402,39.541759600565925
magnetic_norm,34.501,39.08105038899751
magnetic_norm,34.601,38.88375295179147
magnetic_norm,34.717,38.60469986318517
magnetic_norm,34.8,38.738931504967695
magnetic_norm,34.899,38.54726266468303
magnetic_norm,35.012,38.44445058086698
magnetic_norm,35.098,38.40851271958181
magnetic_norm,35.198,38.38933904632879
magnetic_norm,35.298,38.73936430786756
magnetic_norm,35.411,38.77009030942238
magnetic_norm,35.497,39.25858334110673
magnetic_norm,35.596,39.79285275887571
magnetic_norm,35.696,40.2134801528013
magnetic_norm,35.795,40.06342366314234
magnetic_norm,35.895,40.13941249955088
magnetic_norm,35.994,40.435375369662864
magnetic_norm,36.105,40.48899974894057
magnetic_norm,36.216,40.76046498703211
magnetic_norm,36.293,40.909195919319465
magnetic_norm,36.392,40.734087430070225
magnetic_norm,36.504,41.077536118918296
magnetic_norm,36.605,41.440390019122276
magnetic_norm,36.706,41.519998372288434
magnetic_norm,36.79,41.492351681900566
magnetic_norm,36.89,41.53415641146241
magnetic_norm,36.99,41.385259356062996
magnetic_norm,37.089,41.820056003729775
magnetic_norm,37.189,41.833023344641624
magnetic_norm,37.302,41.82446033067618
magnetic_norm,37.388,41.675580521894155
pressure,1.079,1005.3424835205078
pressure,2.075,1005.3416442871094
pressure,3.084,1005.3408050537109
pressure,4.104,1005.3361511230469
pressure,5.115,1005.3359222412109
pressure,6.625,1005.3334808349609
pressure,7.702,1005.3324127197266
pressure,8.774,1005.3297424316406
pressure,9.86,1005.3297424316406
pressure,10.95,1005.3297424316406
pressure,12.009,1005.3275299072266
pressure,13.102,1005.325927734375
pressure,14.168,1005.325927734375
pressure,15.243,1005.325927734375
pressure,16.329,1005.3244781494141
pressure,17.407,1005.3231811523438
pressure,18.478,1005.3231811523438
pressure,19.569,1005.3231811523438
pressure,20.644,1005.3231811523438
pressure,21.728,1005.3239440917969
pressure,22.812,1005.3267669677734
pressure,23.891,1005.3290557861328
pressure,24.954,1005.3305053710938
pressure,26.024,1005.3305053710938
pressure,27.112,1005.3292846679688
pressure,28.183,1005.3261566162109
pressure,29.261,1005.3256988525391
pressure,30.343,1005.3239440917969
pressure,31.422,1005.3180694580078
pressure,32.506,1005.3153991699219
pressure,33.578,1005.3136444091797
pressure,34.654,1005.3101348876953
pressure,35.731,1005.3072357177734
pressure,36.816,1005.3069305419922
device_yaw,0.065,289.8565013630487
device_yaw,0.115,289.6041260636958
device_yaw,0.165,289.3691635894252
device_yaw,0.215,289.1310157088625
device_yaw,0.265,288.8207366001551
device_yaw,0.315,288.32595009556974
device_yaw,0.365,287.43927427460306
device_yaw,0.415,286.4166196081407
device_yaw,0.465,285.27488207850143
device_yaw,0.515,284.021449011328
device_yaw,0.565,282.68088356057444
device_yaw,0.615,281.2989089538327
device_yaw,0.665,279.84390827874694
device_yaw,0.715,278.2691713105915
device_yaw,0.765,276.59580380255096
device_yaw,0.815,274.80665567464683
device_yaw,0.865,273.0276122720932
device_yaw,0.915,271.2318522455489
device_yaw,0.965,269.33620972561835
device_yaw,1.015,267.30685985019636
device_yaw,1.065,265.26189429691266
device_yaw,1.115,263.2869927681207
device_yaw,1.165,261.31793525649863
device_yaw,1.215,259.3190704641661
device_yaw,1.265,257.2829824312118
device_yaw,1.315,255.22774542683666
device_yaw,1.365,253.24961959453913
device_yaw,1.415,251.2789290801086
device_yaw,1.465,249.17048341934452
device_yaw,1.515,247.04178369163293
device_yaw,1.565,244.9787825948917
device_yaw,1.615,242.8716417763825
device_yaw,1.665,240.67682881098943
device_yaw,1.715,238.53571204008148
device_yaw,1.765,236.51623821533158
device_yaw,1.815,234.67253352137675
device_yaw,1.865,232.97752208193376
device_yaw,1.915,231.41564060051894
device_yaw,1.965,230.06272790699248
device_yaw,2.015,229.04951342111744
device_yaw,2.065,228.35893207563956
device_yaw,2.115,227.92497544003916
device_yaw,2.165,227.73200286378224
device_yaw,2.215,227.70766420348016
device_yaw,2.265,227.6720152043538
device_yaw,2.315,227.59306036498
device_yaw,2.365,227.32598799059969
device_yaw,2.415,226.8082779127794
device_yaw,2.465,225.96325326626447
device_yaw,2.515,224.83670306856283
device_yaw,2.565,223.3083751195795
device_yaw,2.615,221.44529855733734
device_yaw,2.665,219.29420599721462
device_yaw,2.715,216.87212687833355
device_yaw,2.765,213.98195275834124
device_yaw,2.815,210.9110406453503
device_yaw,2.865,207.82913544596312
device_yaw,2.915,204.9672995417623
device_yaw,2.965,202.3880531011814
device_yaw,3.015,200.16807298947506
device_yaw,3.065,198.26157018913545
device_yaw,3.115,196.7887969002574
device_yaw,3.165,195.73157475543897
device_yaw,3.215,195.01699468193786
device_yaw,3.265,194.63395349328513
device_yaw,3.315,194.82516973242343
device_yaw,3.365,195.31235805845233
device_yaw,3.415,195.8426996292669
device_yaw,3.465,196.3299437580433
device_yaw,3.515,196.77409044478156
device_yaw,3.565,197.17513968948168
device_yaw,3.615,197.45648194662252
device_yaw,3.665,197.50396308643758
device_yaw,3.715,197.34011744011323
device_yaw,3.765,196.95588471676155
device_yaw,3.815,196.24450269016296
device_yaw,3.865,195.27291883248216
device_yaw,3.915,194.15006162451883
device_yaw,3.965,193.07207004472673
device_yaw,4.015,192.0389440931058
device_yaw,4.065,191.0506837696562
device_yaw,4.115,190.10728907437777
device_yaw,4.165,189.28536955279168
device_yaw,4.215,188.6990793346644
device_yaw,4.265,188.22979224560277
device_yaw,4.315,187.95988567994092
device_yaw,4.365,188.03531313410906
device_yaw,4.415,188.41666273238678
device_yaw,4.465,189.065444953131
device_yaw,4.515,189.84176462925825
device_yaw,4.565,190.57003443032602
device_yaw,4.615,191.25025435633432
device_yaw,4.665,191.8824244072831
device_yaw,4.715,192.32216482867253
device_yaw,4.765,192.60004185913704
device_yaw,4.815,192.75030720303718
device_yaw,4.865,192.72315728709125
device_yaw,4.915,192.51939972526498
device_yaw,4.965,192.1713875702427
device_yaw,5.015,191.66136131394936
device_yaw,5.065,191.01615108051755
device_yaw,5.115,190.41134420038964
device_yaw,5.165,189.84694067356568
device_yaw,5.215,189.32294050004566
device_yaw,5.265,188.9837234343296
device_yaw,5.315,188.79872323778292
device_yaw,5.365,188.75120407413107
device_yaw,5.415,188.8613755889752
device_yaw,5.465,189.0868347257463
device_yaw,5.515,189.4084613444551
device_yaw,5.565,189.81636346903167
device_yaw,5.615,190.18955117405775
device_yaw,5.665,190.52802445953338
device_yaw,5.715,190.83178332545847
device_yaw,5.765,191.10082777183317
device_yaw,5.815,191.25301601045996
device_yaw,5.865,191.2256951278681
device_yaw,5.915,190.96177824526646
device_yaw,5.965,190.50684663932051
device_yaw,6.015,189.9056165533507
device_yaw,6.065,189.12889276743292
device_yaw,6.115,188.2046971382214
device_yaw,6.165,187.25821086094928
device_yaw,6.215,186.29330280006099
device_yaw,6.265,185.30997295555656
device_yaw,6.315,184.29980994858633
device_yaw,6.365,183.3286275966394
device_yaw,6.415,182.441865091808
device_yaw,6.465,181.73022121391162
device_yaw,6.515,181.1897916131093
device_yaw,6.565,180.7723379658202
device_yaw,6.615,180.4772318563325
device_yaw,6.665,180.34883791245176
device_yaw,6.715,180.44054711388716
device_yaw,6.765,180.71012311307788
device_yaw,6.815,181.0896235126461
device_yaw,6.865,181.63376532055187
device_yaw,6.915,182.34287452346135
device_yaw,6.965,183.25335659754072
device_yaw,7.015,184.33483029958526
device_yaw,7.065,185.50082858032326
device_yaw,7.115,186.10876452673452
device_yaw,7.165,186.78496404368948
device_yaw,7.215,187.4690960211064
device_yaw,7.265,188.07407369278786
device_yaw,7.315,188.63066029157972
device_yaw,8.015,194.9585979499411
device_yaw,8.065,194.83086678964676
device_yaw,8.115,194.6120339502741
device_yaw,8.165,194.3354472729687
device_yaw,8.215,194.0143056523613
device_yaw,8.265,193.6356787280433
device_yaw,8.315,193.115885443608
device_yaw,8.365,192.52772557163556
device_yaw,8.415,191.96549681216072
device_yaw,8.465,191.4590797746918
device_yaw,8.515,191.0084744592288
device_yaw,8.565,190.62779538677842
device_yaw,8.615,190.35304807827026
device_yaw,8.665,190.22291094577005
device_yaw,8.715,190.22356398701095
device_yaw,8.765,190.35875925358306
device_yaw,8.815,190.7611419078715
device_yaw,8.865,191.4180091599804
device_yaw,8.915,192.18089589257522
device_yaw,8.965,192.94993139009313
device_yaw,9.015,193.66236228022424
device_yaw,9.065,194.31818856296852
device_yaw,9.115,194.90329571731928
device_yaw,9.165,195.36468732868934
device_yaw,9.215,195.6405115585833
device_yaw,9.265,195.67956698900798
device_yaw,9.315,195.46488597212036
device_yaw,9.365,194.95592275697427
device_yaw,9.415,194.2148198794441
device_yaw,9.465,193.3858442129332
device_yaw,9.515,192.55454087522094
device_yaw,9.565,191.78366323861735
device_yaw,9.615,191.09458461285166
device_yaw,9.665,190.49606765329648
device_yaw,9.715,189.98932343310943
device_yaw,9.765,189.64260578184695
device_yaw,9.815,189.51849743494387
device_yaw,9.865,189.705608741974
device_yaw,9.915,190.1563544806104
device_yaw,9.965,190.73677437165952
device_yaw,10.015,191.3516647046802
device_yaw,10.065,191.90403108407938
device_yaw,10.115,192.3849270000187
device_yaw,10.165,192.77297914276886
device_yaw,10.215,193.01346671421035
device_yaw,10.265,193.0899132274543
device_yaw,10.315,193.09580228814912
device_yaw,10.365,193.0311338962947
device_yaw,10.415,192.84509212025176
device_yaw,10.465,192.5586729155498
device_yaw,10.515,192.231170950059
device_yaw,10.565,191.8712919472292
device_yaw,10.615,191.55955449560724
device_yaw,10.665,191.3049051050317
device_yaw,10.715,191.1786141873708
device_yaw,10.765,191.15480901444081
device_yaw,10.815,191.28135166166592
device_yaw,10.865,191.46475852339773
device_yaw,10.915,191.7050295996363
device_yaw,10.965,191.98133812029016
device_yaw,11.015,192.25325564929963
device_yaw,11.065,192.48534746677404
device_yaw,11.115,192.67761357271345
device_yaw,11.165,192.8300539671178
device_yaw,11.215,192.94266864998716
device_yaw,11.265,192.94418720945316
device_yaw,11.315,192.9064405164465
device_yaw,11.365,192.63404438114847
device_yaw,11.415,192.1253508173485
device_yaw,11.465,191.4629869729054
device_yaw,11.515,190.5961909739591
device_yaw,11.565,189.5399523486928
device_yaw,11.615,188.49965915621206
device_yaw,11.665,187.50407420925657
device_yaw,11.715,186.5531975078262
device_yaw,11.765,185.64702905192118
device_yaw,11.815,184.78669188199774
device_yaw,11.865,183.98978029853996
device_yaw,11.915,183.45550902394862
device_yaw,11.965,183.20333606834893
device_yaw,12.015,183.16319284254507
device_yaw,12.065,183.43791952106233
device_yaw,12.115,184.03750405043812
device_yaw,12.165,184.75395286133457
device_yaw,12.215,185.47459072147316
device_yaw,12.265,186.14370720485013
device_yaw,12.315,186.76130231146547
device_yaw,12.365,187.32625300086275
device_yaw,12.415,187.81431698039412
device_yaw,12.465,188.1767423075251
device_yaw,12.515,188.36977083267536
device_yaw,12.565,188.38373518739172
device_yaw,12.615,188.14836605836845
device_yaw,12.665,187.60654574282887
device_yaw,12.715,186.83228381206226
device_yaw,12.765,186.04994123141958
device_yaw,12.815,185.31522842690475
device_yaw,12.865,184.6281453985177
device_yaw,12.915,183.9886921462584
device_yaw,12.965,183.45102381891073
device_yaw,13.015,183.16499460434073
device_yaw,13.065,183.11357299993344
device_yaw,13.115,183.28647577439713
device_yaw,13.165,183.68311592776186
device_yaw,13.215,184.42642281155972
device_yaw,13.265,185.45201025141208
device_yaw,13.315,186.61550675956335
device_yaw,13.365,187.88489427861913
device_yaw,13.415,189.10347875585876
device_yaw,13.465,190.27126019128215
device_yaw,13.515,191.3407314282693
device_yaw,13.565,192.21079022148868
device_yaw,13.615,192.92441619922099
device_yaw,13.665,193.3777753301394
device_yaw,13.715,193.58595334749555
device_yaw,13.765,193.45274070501856
device_yaw,13.815,193.0069836530339
device_yaw,13.865,192.39221461066924
device_yaw,13.915,191.66770732307933
device_yaw,13.965,190.99015584298488
device_yaw,14.015,190.35956017038595
device_yaw,14.065,189.77592030528243
device_yaw,14.115,189.24149883128413
device_yaw,14.165,188.77288802819587
device_yaw,14.215,188.4813139684261
device_yaw,14.265,188.37046893133382
device_yaw,14.315,188.5517379161959
device_yaw,14.365,189.08599451285684
device_yaw,14.415,189.8558719995146
device_yaw,14.465,190.85865798472523
device_yaw,14.515,191.95124062495577
device_yaw,14.565,192.97306490718546
device_yaw,14.615,193.9241308314142
device_yaw,14.665,194.77488299943172
device_yaw,14.715,195.4015912557491
device_yaw,14.765,195.85842680954858
device_yaw,14.815,196.16580029873379
device_yaw,14.865,196.1749968802742
device_yaw,14.915,195.96519928275163
device_yaw,14.965,195.56453100173587
device_yaw,15.015,194.9484487409105
device_yaw,15.065,194.3025533959211
device_yaw,15.115,193.83779402008884
device_yaw,15.165,193.60476069535588
device_yaw,15.215,193.62731009574233
device_yaw,15.265,193.94065038216513
device_yaw,15.315,194.5397966546955
device_yaw,15.365,195.41503491595003
device_yaw,15.415,196.60719752736495
device_yaw,15.465,198.00856036264216
device_yaw,15.515,199.51018603056093
device_yaw,15.565,201.03541643827583
device_yaw,15.615,202.5022660153075
device_yaw,15.665,203.80579791027822
device_yaw,15.715,204.8954220412458
device_yaw,15.765,205.71691359481247
device_yaw,15.815,206.2663110549834
device_yaw,15.865,206.58620265874308
device_yaw,15.915,206.7159426928979
device_yaw,15.965,206.65744906256032
device_yaw,16.015,206.3779601584886
device_yaw,16.065,205.93605779491054
device_yaw,16.115,205.40840556337778
device_yaw,16.165,204.8344999822569
device_yaw,16.215,204.26888386262533
device_yaw,16.265,203.69664821071717
device_yaw,16.315,203.16843798344442
device_yaw,16.365,202.75131721368524
device_yaw,16.415,202.35896670804235
device_yaw,16.465,202.02781949402336
device_yaw,16.515,201.75787557162832
device_yaw,16.565,201.54913494085733
device_yaw,16.615,201.5374756429752
device_yaw,16.665,201.7327344883607
device_yaw,16.715,202.0755940905022
device_yaw,16.765,202.48432684114223
device_yaw,16.815,202.85697785909116
device_yaw,16.865,203.15427473812653
device_yaw,16.915,203.30353156970514
device_yaw,16.965,203.2959438499158
device_yaw,17.015,202.93850027540282
device_yaw,17.065,202.40718511906545
device_yaw,17.115,201.47865286151244
device_yaw,17.165,200.13528574288102
device_yaw,17.215,198.4030527694401
device_yaw,17.265,196.40890231870472
device_yaw,17.315,194.40075432220922
device_yaw,17.365,192.49859382896474
device_yaw,17.415,190.74870924225988
device_yaw,17.465,189.26455419026752
device_yaw,17.515,188.13113686194973
device_yaw,17.565,187.4744560603391
device_yaw,17.615,187.0342296992454
device_yaw,17.665,187.09590941322764
device_yaw,17.715,187.6068015483465
device_yaw,17.765,188.51994647297144
device_yaw,17.815,189.7534405777092
device_yaw,17.865,191.076899373212
device_yaw,17.915,192.36702846631653
device_yaw,17.965,193.5726185213512
device_yaw,18.015,194.66381359596633
device_yaw,18.065,195.5428962645998
device_yaw,18.115,196.04351084700832
device_yaw,18.165,196.34415089646197
device_yaw,18.215,196.48793720859675
device_yaw,18.265,196.40929248199097
device_yaw,18.315,196.11936503292145
device_yaw,18.365,195.63242747977804
device_yaw,18.415,195.0126719886317
device_yaw,18.465,194.42011418826667
device_yaw,18.515,193.91720101708395
device_yaw,18.565,193.5018478956873
device_yaw,18.615,193.239763020437
device_yaw,18.665,193.29813077416108
device_yaw,18.715,193.5768840075111
device_yaw,18.765,193.96171104598443
device_yaw,18.815,194.5359444368556
device_yaw,18.865,195.34666217537153
device_yaw,18.915,196.3880776316738
device_yaw,18.965,197.61382950381855
device_yaw,19.015,198.82124600360538
device_yaw,19.065,199.95432733074858
device_yaw,19.115,201.01307348524807
device_yaw,19.165,201.7825717417948
device_yaw,19.215,202.2483096085053
device_yaw,19.265,202.37735116991573
device_yaw,19.315,202.1734446193638
device_yaw,19.365,201.45095140319228
device_yaw,19.415,200.24352178016704
device_yaw,19.465,198.7365952813776
device_yaw,19.515,196.90357547460707
device_yaw,19.565,194.88193862291754
device_yaw,19.615,192.7200414924261
device_yaw,19.665,190.63032650780968
device_yaw,19.715,188.77805658568806
device_yaw,19.765,187.17189276757924
device_yaw,19.815,185.99554675322543
device_yaw,19.865,185.2902952560146
device_yaw,19.915,185.26799485928825
device_yaw,19.965,186.04859044491246
device_yaw,20.015,187.3212134954866
device_yaw,20.065,189.02717444547113
device_yaw,20.115,191.13661622744402
device_yaw,20.165,193.36566533174744
device_yaw,20.215,195.50187933370444
device_yaw,20.265,197.4357967472811
device_yaw,20.315,199.078865668227
device_yaw,20.365,200.2221543576954
device_yaw,20.415,200.7596370181623
device_yaw,20.465,200.5869822203689
device_yaw,20.515,199.50954374347992
device_yaw,20.565,197.74178334530873
device_yaw,20.615,195.4962975004207
device_yaw,20.665,193.0126051826067
device_yaw,20.715,190.64557315830237
device_yaw,20.765,188.42680843241342
device_yaw,20.815,186.4635973805496
device_yaw,20.865,184.81008914954683
device_yaw,20.915,183.6012193592304
device_yaw,20.965,183.0078077002611
device_yaw,21.015,183.0888198863494
device_yaw,21.065,183.90757630512928
device_yaw,21.115,185.3434765787282
device_yaw,21.165,187.02651638951068
device_yaw,21.215,188.6969449250386
device_yaw,21.265,190.28017435997364
device_yaw,21.315,191.69846323860335
device_yaw,21.365,192.85055902557454
device_yaw,21.415,193.66587287282584
device_yaw,21.465,194.04298655383676
device_yaw,21.515,193.925637645401
device_yaw,21.565,193.11494366360424
device_yaw,21.615,191.72236386770382
device_yaw,21.665,189.99907671863383
device_yaw,21.715,188.25452675648702
device_yaw,21.765,186.50942646327348
device_yaw,21.815,184.7637758389931
device_yaw,21.865,182.98229358833362
device_yaw,21.915,181.3068890811718
device_yaw,21.965,180.00724002851462
device_yaw,22.015,179.15183006973132
device_yaw,22.065,178.79715625850451
device_yaw,22.115,179.25209024119252
device_yaw,22.165,180.24675139897397
device_yaw,22.215,181.58003922144837
device_yaw,22.265,183.17493778690115
device_yaw,22.315,184.97672552248102
device_yaw,22.365,186.75581729557607
device_yaw,22.415,188.59362885230547
device_yaw,22.465,190.2978406244615
device_yaw,22.515,191.57718417133864
device_yaw,22.565,192.4733378712441
device_yaw,22.615,192.93321953029735
device_yaw,22.665,192.87550025572517
device_yaw,22.715,192.60553753722806
device_yaw,22.765,192.15863887110274
device_yaw,22.815,191.5415056806601
device_yaw,22.865,190.87154552463392
device_yaw,22.915,190.3077678604144
device_yaw,22.965,189.8501726880015
device_yaw,23.015,189.71225731309963
device_yaw,23.065,190.04264366563874
device_yaw,23.115,190.98256779540858
device_yaw,23.165,192.38223509916125
device_yaw,23.215,194.1728757884196
device_yaw,23.265,196.17083535631863
device_yaw,23.315,198.63764580965207
device_yaw,23.365,201.2307328794435
device_yaw,23.415,203.62599438719587
device_yaw,23.465,205.71743169798216
device_yaw,23.515,207.38595390362235
device_yaw,23.565,208.64254230194882
device_yaw,23.615,209.3399705780739
device_yaw,23.665,209.07421486952123
device_yaw,23.715,208.12100933001747
device_yaw,23.765,206.54457541834952
device_yaw,23.815,204.37876781298937
device_yaw,23.865,201.3836684291482
device_yaw,23.915,198.21133562419172
device_yaw,23.965,195.1779151302553
device_yaw,24.015,192.48943556643974
device_yaw,24.065,190.32249668922148
device_yaw,24.115,188.57029126759392
device_yaw,24.165,187.4279690110486
device_yaw,24.215,187.23679357950778
device_yaw,24.265,187.77344725941182
device_yaw,24.315,188.9800798783451
device_yaw,24.365,190.79051817136408
device_yaw,24.415,192.95646276525284
device_yaw,24.465,195.01440024632038
device_yaw,24.515,196.96433061456662
device_yaw,24.565,198.76194411428568
device_yaw,24.615,200.30309429846565
device_yaw,24.665,201.52592651962144
device_yaw,24.715,202.28096898193095
device_yaw,24.765,202.4075467082928
device_yaw,24.815,201.95124551734526
device_yaw,24.865,201.11531708280054
device_yaw,24.915,200.0001894992094
device_yaw,24.965,198.79042031560374
device_yaw,25.015,197.69249394769065
device_yaw,25.065,196.76196646735846
device_yaw,25.115,196.04612532264807
device_yaw,25.165,195.53282721091554
device_yaw,25.215,195.32555999812587
device_yaw,25.265,195.52500047889927
device_yaw,25.315,196.1037188850091
device_yaw,25.365,197.11114241829898
device_yaw,25.415,198.30533989644297
device_yaw,25.465,199.53998821234674
device_yaw,25.515,200.73569248975872
device_yaw,25.565,201.84472721876264
device_yaw,25.615,202.8115363274701
device_yaw,25.665,203.60368781459377
device_yaw,25.715,204.27996258149358
device_yaw,25.765,204.83104565042612
device_yaw,25.815,205.21447902723057
device_yaw,25.865,205.46023956295576
device_yaw,25.915,205.5403366855758
device_yaw,25.965,205.4892994119318
device_yaw,26.015,205.3527124150895
device_yaw,26.065,205.20406726287817
device_yaw,26.115,205.08855947589
device_yaw,26.165,205.0061890541252
device_yaw,26.215,204.95695599758375
device_yaw,26.265,204.94086030626548
device_yaw,26.315,204.97625767364318
device_yaw,26.365,205.07091540724284
device_yaw,26.415,205.22483350706443
device_yaw,26.465,205.4204812149731
device_yaw,26.515,205.66601629643782
device_yaw,26.565,205.98506848067015
device_yaw,26.615,206.35185442431248
device_yaw,26.665,206.67759780157903
device_yaw,26.715,206.9622986124699
device_yaw,26.765,207.205956856985
device_yaw,26.815,207.3739070816077
device_yaw,26.865,207.33280522209816
device_yaw,26.915,206.8729454272307
device_yaw,26.965,205.835077545246
device_yaw,27.015,204.367689316653
device_yaw,27.065,202.56881520390868
device_yaw,27.115,200.4692026677168
device_yaw,27.165,198.20484677623088
device_yaw,27.215,195.91226581383552
device_yaw,27.265,193.6742975289053
device_yaw,27.315,191.4909419214402
device_yaw,27.365,189.39686444495695
device_yaw,27.415,187.51090170106366
device_yaw,27.465,186.08501584995895
device_yaw,27.515,185.32449725140256
device_yaw,27.565,185.0896198111225
device_yaw,27.615,185.32871632177967
device_yaw,27.665,186.04691624873925
device_yaw,27.715,187.18103882927545
device_yaw,27.765,188.63010633354708
device_yaw,27.815,190.27547610275198
device_yaw,27.865,192.0423461635786
device_yaw,27.915,193.72524341322176
device_yaw,27.965,195.31591221384517
device_yaw,28.015,196.72919052201343
device_yaw,28.065,197.87777092143995
device_yaw,28.115,198.67645970742524
device_yaw,28.165,199.03781112259438
device_yaw,28.215,198.98755308512182
device_yaw,28.265,198.4619496252355
device_yaw,28.315,197.61604198718553
device_yaw,28.365,196.6076392655166
device_yaw,28.415,195.50384925168922
device_yaw,28.465,194.50744168731762
device_yaw,28.515,193.62899851561698
device_yaw,28.565,192.91501523206182
device_yaw,28.615,192.4144579653503
device_yaw,28.665,192.22281418485684
device_yaw,28.715,192.39214528270057
device_yaw,28.765,192.89466841130616
device_yaw,28.815,193.71811980730163
device_yaw,28.865,194.67530449754523
device_yaw,28.915,195.6038631191175
device_yaw,28.965,196.51148985386945
device_yaw,29.015,197.36277516409453
device_yaw,29.065,198.1277937486604
device_yaw,29.115,198.8020298383021
device_yaw,29.165,199.29566214012664
device_yaw,29.215,199.56410054871813
device_yaw,29.265,199.55969012289617
device_yaw,29.315,199.2284434020841
device_yaw,29.365,198.6326223416531
device_yaw,29.415,197.87994295594208
device_yaw,29.465,197.02117985680306
device_yaw,29.515,196.15402336048695
device_yaw,29.565,195.32508117599994
device_yaw,29.615,194.5619522990955
device_yaw,29.665,193.8620870478486
device_yaw,29.715,193.30265841218005
device_yaw,29.765,192.90920108659364
device_yaw,29.815,192.6839332197367
device_yaw,29.865,192.6393543883664
device_yaw,29.915,192.7705515718486
device_yaw,29.965,192.82267929745632
device_yaw,30.015,192.978148468091
device_yaw,30.065,193.1413879407931
device_yaw,30.115,193.30237885770626
device_yaw,30.165,193.45999694093607
device_yaw,34.715,199.7841652269838
device_yaw,34.765,199.28598284096265
device_yaw,34.815,198.73592081119023
device_yaw,34.865,198.21665030629018
device_yaw,34.915,197.75397664072096
device_yaw,34.965,197.40242204716358
device_yaw,35.015,196.7906154130482
device_yaw,35.065,196.24057724613814
device_yaw,35.115,195.79502422054304
device_yaw,35.165,195.48032192621096
device_yaw,35.215,195.30150145423866
device_yaw,35.265,195.34660999683638
device_yaw,35.315,195.6737287591922
device_yaw,35.365,196.21446992352804
device_yaw,35.415,196.9626751431436
device_yaw,35.465,197.8826250651773
device_yaw,35.515,198.86209920173908
device_yaw,35.565,199.79672261808665
device_yaw,35.615,200.6722623685733
device_yaw,35.665,201.44745060741624
device_yaw,35.715,202.09223029279508
device_yaw,35.765,202.5999882828105
device_yaw,35.815,202.9627270793665
device_yaw,35.865,203.11718705879363
device_yaw,35.915,203.08295355991856
device_yaw,35.965,202.79534311943655
device_yaw,36.015,202.2895176883064
device_yaw,36.065,201.6506536496656
device_yaw,36.115,201.01418989349983
device_yaw,36.165,200.4546599844576
device_yaw,36.215,199.97206392253892
device_yaw,36.265,199.61175300224104
device_yaw,36.315,199.4163102601435
device_yaw,36.365,199.4017696566908
device_yaw,36.415,199.6292288533017
device_yaw,36.465,200.08467472854224
device_yaw,36.515,200.8419033377684
device_yaw,36.565,201.80984073615872
device_yaw,36.615,202.96188091123338
device_yaw,36.665,204.1969367809603
device_yaw,36.715,205.4333707377179
device_yaw,36.765,206.66584853435126
device_yaw,36.815,207.85921025677453
device_yaw,36.865,208.97799189537363
device_yaw,36.915,210.01120164460875
device_yaw,36.965,210.94776345102738
device_yaw,37.015,211.83545086678743
device_yaw,37.065,212.62421377289084
device_yaw,37.115,213.37975012546403
device_yaw,37.165,213.68712222655623
device_yaw,37.215,213.98022365155387
device_yaw,37.265,214.28304125627355
device_yaw,37.315,214.60812150612531
device_yaw,37.365,214.95467918802038
gyro_norm,0.065,0.2666199065267209
gyro_norm,0.097,0.20023497914630725
gyro_norm,0.147,0.1775488207351894
gyro_norm,0.197,0.44693402109033625
gyro_norm,0.266,0.4536504018690602
gyro_norm,0.296,0.20911530513013357
gyro_norm,0.346,0.14913589920958847
gyro_norm,0.408,0.2792266018164702
gyro_norm,0.446,0.2675550056595384
gyro_norm,0.496,0.5134785125685987
gyro_norm,0.545,0.9632674753235151
gyro_norm,0.6,0.5949324281846062
gyro_norm,0.645,0.5602072932968435
gyro_norm,0.7,0.4974430288253338
gyro_norm,0.753,0.3746139517679218
gyro_norm,0.797,0.4773114901831951
gyro_norm,0.844,0.2730512427643485
gyro_norm,0.896,0.2500978463272631
gyro_norm,0.953,0.6509369681719168
gyro_norm,1.008,0.5340212494080104
gyro_norm,1.052,0.7026794475954395
gyro_norm,1.102,0.9692239656812208
gyro_norm,1.146,0.9463133162859902
gyro_norm,1.195,0.8032289930025657
gyro_norm,1.251,1.798498441895671
gyro_norm,1.295,0.7297868437459994
gyro_norm,1.342,0.3533227601812578
gyro_norm,1.391,0.49614618377105213
gyro_norm,1.45,0.7368833890114866
gyro_norm,1.504,0.9767322363105838
gyro_norm,1.541,0.7015618914979628
gyro_norm,1.595,0.7320085170146585
gyro_norm,1.664,1.4948262695631345
gyro_norm,1.705,1.3458376810544022
gyro_norm,1.743,0.9399985496690912
gyro_norm,1.79,1.1020277340582647
gyro_norm,1.839,0.799499214771437
gyro_norm,1.889,0.7566891635764478
gyro_norm,1.945,0.6296458078230711
gyro_norm,1.989,0.29347632226592973
gyro_norm,2.038,0.5116931604905852
gyro_norm,2.101,0.39890340395273705
gyro_norm,2.138,0.44505620215047004
gyro_norm,2.193,0.1708331609262618
gyro_norm,2.251,0.3332575005044245
gyro_norm,2.291,0.5412878768090836
gyro_norm,2.337,1.1337445421548058
gyro_norm,2.387,1.1015070565242557
gyro_norm,2.436,0.5239902292258753
gyro_norm,2.494,0.7447284253106545
gyro_norm,2.536,0.5052256858805481
gyro_norm,2.588,0.7334478178943722
gyro_norm,2.645,1.1385649366090467
gyro_norm,2.688,1.3902948341014865
gyro_norm,2.778,1.5686576127777272
gyro_norm,2.801,1.7185262315745968
gyro_norm,2.845,0.9588268084660884
gyro_norm,2.889,0.7638369142786975
gyro_norm,2.934,0.6927611103479053
gyro_norm,2.989,2.1428252616143877
gyro_norm,3.043,1.5116539140460692
gyro_norm,3.088,0.898713880584923
gyro_norm,3.134,0.8612254150340461
gyro_norm,3.183,0.42448208762053885
gyro_norm,3.233,0.4204377526262365
gyro_norm,3.282,0.3446822831761546
gyro_norm,3.342,0.9322928151451839
gyro_norm,3.385,0.7264985202343532
gyro_norm,3.44,0.5373681347975884
gyro_norm,3.495,0.5715021226291832
gyro_norm,3.531,0.43112184947743826
gyro_norm,3.581,0.5680068020303941
gyro_norm,3.631,0.46178407565500607
gyro_norm,3.681,0.9729664606399779
gyro_norm,3.73,0.5491442544985407
gyro_norm,3.78,0.2537022342256003
gyro_norm,3.85,0.9017906013644149
gyro_norm,3.895,1.0015667427847281
gyro_norm,3.93,0.88182188682312
gyro_norm,3.987,0.4133223360213055
gyro_norm,4.029,1.1801197606631268
gyro_norm,4.084,0.7697270906227377
gyro_norm,4.13,0.5836113473051886
gyro_norm,4.182,1.364174805554505
gyro_norm,4.228,0.9966462087020809
gyro_norm,4.284,0.7520883980311109
gyro_norm,4.328,0.5755130682486609
gyro_norm,4.377,0.9918621109988748
gyro_norm,4.427,0.9083085805192064
gyro_norm,4.477,1.0180143301362918
gyro_norm,4.527,0.7343329503209876
gyro_norm,4.587,0.4699129909267956
gyro_norm,4.626,0.46992862323325624
gyro_norm,4.676,0.8175379993737525
gyro_norm,4.748,0.675195924525495
gyro_norm,4.778,0.5043570728629989
gyro_norm,4.825,0.7379385273001339
gyro_norm,4.881,0.6179902775377167
gyro_norm,4.934,0.8202596381223894
gyro_norm,4.977,1.0969444358626683
gyro_norm,5.037,0.6787673877960547
gyro_norm,5.077,0.714381481213025
gyro_norm,5.136,0.36156350834327744
gyro_norm,5.181,0.2955181371237885
gyro_norm,5.223,0.3102471361821382
gyro_norm,5.273,0.19244631649711028
gyro_norm,5.323,0.26817497619972275
gyro_norm,5.379,0.2205648455636389
gyro_norm,5.422,0.2875821465373274
gyro_norm,5.472,0.4643399763200253
gyro_norm,5.522,0.2652917549510946
gyro_norm,5.572,0.4777885255932359
gyro_norm,5.621,0.322815383821034
gyro_norm,5.671,0.5236702809410951
gyro_norm,5.73,0.45456498492577346
gyro_norm,5.777,0.40873917088766804
gyro_norm,5.83,0.37540256486959456
gyro_norm,5.87,0.22736612050519045
gyro_norm,5.92,0.5079795025427446
gyro_norm,5.984,0.20215738166529726
gyro_norm,6.019,0.43881776367412795
gyro_norm,6.071,0.946332227081555
gyro_norm,6.135,0.9952368719256999
gyro_norm,6.189,0.5437143745396666
gyro_norm,6.219,0.30033790447597836
gyro_norm,6.268,0.37593264524567177
gyro_norm,6.318,0.25324973768621856
gyro_norm,6.368,0.2818774535398939
gyro_norm,6.418,0.18982475204341664
gyro_norm,6.467,0.2997450010606162
gyro_norm,6.517,0.5858256976429264
gyro_norm,6.573,0.32062835758739183
gyro_norm,6.623,0.6356343750032203
gyro_norm,6.669,0.6612200258814942
gyro_norm,6.716,0.35989154952541386
gyro_norm,6.766,0.40279468045104666
gyro_norm,6.816,0.33266109258349513
gyro_norm,6.868,0.40187202476240586
gyro_norm,6.924,0.9410037722290882
gyro_norm,6.98,0.860192879871015
gyro_norm,7.015,0.4297971501500473
gyro_norm,7.065,0.6784585345862807
gyro_norm,7.124,0.47644926312269326
gyro_norm,7.171,0.8998119724274422
gyro_norm,7.218,1.6298177636555449
gyro_norm,7.269,1.0993497847672076
gyro_norm,7.313,0.8476127794282842
gyro_norm,7.363,0.6029233592931924
gyro_norm,7.413,0.16926870848003545
gyro_norm,7.463,0.44656914054045804
gyro_norm,7.527,0.15585854695020318
gyro_norm,7.562,0.4504406785986381
gyro_norm,7.612,0.20713286920753393
gyro_norm,7.662,0.46329102740078676
gyro_norm,7.725,0.4753705258603959
gyro_norm,7.776,0.1339250984684105
gyro_norm,7.811,0.5785131837307517
gyro_norm,7.861,0.6364210710770335
gyro_norm,7.911,0.8764504136272115
gyro_norm,7.96,0.870143641217737
gyro_norm,8.023,1.08783230404404
gyro_norm,8.06,1.6117912964830527
gyro_norm,8.11,0.6683181117821583
gyro_norm,8.166,0.5698630936209668
gyro_norm,8.209,0.2626789416642907
gyro_norm,8.259,0.09092353911223697
gyro_norm,8.317,1.126908572683229
gyro_norm,8.359,0.7190693715565654
gyro_norm,8.408,0.7937210549693661
gyro_norm,8.463,0.8345107949743394
gyro_norm,8.508,0.7221407429073409
gyro_norm,8.558,0.34524929251599684
gyro_norm,8.607,0.09012998465956365
gyro_norm,8.664,0.6437559685904369
gyro_norm,8.722,0.6134063860002711
gyro_norm,8.765,0.5289669846864034
gyro_norm,8.813,0.41295777469249395
gyro_norm,8.856,0.16761885863360437
gyro_norm,8.915,0.9279454464685002
gyro_norm,8.956,1.3463447262502974
gyro_norm,9.005,0.5464826898199856
gyro_norm,9.059,0.6940623287886246
gyro_norm,9.114,0.8926808652558298
gyro_norm,9.158,0.7451364309334718
gyro_norm,9.214,0.43496109145160516
gyro_norm,9.254,0.5494830253632098
gyro_norm,9.31,0.20883521930369608
gyro_norm,9.356,0.8024846628757263
gyro_norm,9.413,0.6601010826932987
gyro_norm,9.453,0.6329379433854149
gyro_norm,9.512,0.9275241243705995
gyro_norm,9.556,1.2288699018186142
gyro_norm,9.611,0.5998533302613279
gyro_norm,9.652,0.6475144430686051
gyro_norm,9.702,0.514045989852847
gyro_norm,9.752,0.6919605903080558
gyro_norm,9.802,0.6523111278887479
gyro_norm,9.858,0.5564019450500485
gyro_norm,9.901,0.5660531316811683
gyro_norm,9.964,0.5363757165513711
gyro_norm,10.009,0.16076268699503196
gyro_norm,10.051,0.34278940818745196
gyro_norm,10.1,0.6555212562060765
gyro_norm,10.153,0.6114810046925477
gyro_norm,10.2,0.35598775540572536
gyro_norm,10.25,0.2878381325891779
gyro_norm,10.313,0.41397093736751106
gyro_norm,10.349,0.0876218189372876
gyro_norm,10.399,0.5868215493843422
gyro_norm,10.463,0.5145817785091484
gyro_norm,10.505,0.5741333279962814
gyro_norm,10.553,0.7443590253308164
gyro_norm,10.598,0.46680821775536624
gyro_norm,10.648,0.23930055307454298
gyro_norm,10.698,0.15417601762884026
gyro_norm,10.747,0.21288134543948092
gyro_norm,10.797,0.32212224862869077
gyro_norm,10.847,0.6777074816067523
gyro_norm,10.906,0.4623494021608877
gyro_norm,10.954,0.4251152822190634
gyro_norm,10.996,0.6775575827324
gyro_norm,11.046,0.6301500870144826
gyro_norm,11.096,0.3203278331865107
gyro_norm,11.145,0.29952729508509746
gyro_norm,11.223,0.6686548496126145
gyro_norm,11.249,0.45646042405445325
gyro_norm,11.295,0.2706029351021965
gyro_norm,11.345,0.29250819092427843
gyro_norm,11.394,0.26609442802252825
gyro_norm,11.444,0.30292540866427603
gyro_norm,11.494,0.5488229593396203
gyro_norm,11.571,0.8467943156973671
gyro_norm,11.61,1.052558725582012
gyro_norm,11.651,0.8826273607407285
gyro_norm,11.693,0.87477854755392
gyro_norm,11.747,0.8319334821257132
gyro_norm,11.801,0.7136172156860947
gyro_norm,11.863,0.48533283320581116
gyro_norm,11.892,0.6669435062302611
gyro_norm,11.942,0.5256436942519577
gyro_norm,11.991,0.25270972976687606
gyro_norm,12.041,0.6455121252700309
gyro_norm,12.091,0.5655382328380772
gyro_norm,12.147,0.6535167644863334
gyro_norm,12.199,0.6843672383574444
gyro_norm,12.24,0.6464249370666815
gyro_norm,12.29,0.5959892957353513
gyro_norm,12.345,0.733554404337273
gyro_norm,12.399,0.5763604255233534
gyro_norm,12.439,0.3556087576935237
gyro_norm,12.489,0.33839580510389344
gyro_norm,12.539,0.1353088825877132
gyro_norm,12.589,0.35838033850470896
gyro_norm,12.638,0.46768189348902595
gyro_norm,12.694,0.552746875126609
gyro_norm,12.741,0.552673584913311
gyro_norm,12.806,0.4580506061667259
gyro_norm,12.837,0.9642528277770681
gyro_norm,12.896,1.171241897448628
gyro_norm,12.942,0.6129805490857745
gyro_norm,12.987,0.2614813303910632
gyro_norm,13.037,0.22735670495215032
gyro_norm,13.099,0.23696886368853762
gyro_norm,13.136,0.35093683549625027
gyro_norm,13.186,1.0042734210643993
gyro_norm,13.24,0.8278731241037668
gyro_norm,13.305,0.7572836358217375
gyro_norm,13.351,0.3823813827096973
gyro_norm,13.393,1.0591395767796303
gyro_norm,13.449,0.7955350571006647
gyro_norm,13.484,0.5635760749550556
gyro_norm,13.538,0.7564525207278757
gyro_norm,13.59,0.6201098255216894
gyro_norm,13.636,0.2921816081825425
gyro_norm,13.683,0.5817574227226296
gyro_norm,13.733,1.1280587278627987
gyro_norm,13.783,0.7554230760332419
gyro_norm,13.839,0.9241530561694948
gyro_norm,13.892,0.8068889519368775
gyro_norm,13.935,0.7728043038135896
gyro_norm,13.982,1.1040094318109834
gyro_norm,14.038,0.9963035564929358
gyro_norm,14.091,0.6379575575507286
gyro_norm,14.131,0.41832346661483916
gyro_norm,14.181,0.5239948358322363
gyro_norm,14.231,0.2714705421775711
gyro_norm,14.281,0.8531735260732799
gyro_norm,14.359,0.7355811141592328
gyro_norm,14.395,0.14547201173154375
gyro_norm,14.442,0.2976983143677298
gyro_norm,14.48,0.1658474477982787
gyro_norm,14.529,0.6244902750271331
gyro_norm,14.588,0.8123456606645436
gyro_norm,14.65,0.8563997970864866
gyro_norm,14.694,1.1342127032523215
gyro_norm,14.737,0.6446885287633282
gyro_norm,14.778,0.5133451228716894
gyro_norm,14.828,0.5262698394601689
gyro_norm,14.906,0.7430967399173158
gyro_norm,14.934,0.9192455112028988
gyro_norm,14.978,0.5689136152843468
gyro_norm,15.033,0.4540314605734232
gyro_norm,15.077,1.0585301301204184
gyro_norm,15.127,0.8522871496352986
gyro_norm,15.176,0.390715835480027
gyro_norm,15.226,0.6974526398683668
gyro_norm,15.276,0.6725802881489161
gyro_norm,15.331,0.6130363282736994
gyro_norm,15.376,0.681021413309689
gyro_norm,15.425,0.9024991734878208
gyro_norm,15.504,0.7357905632742479
gyro_norm,15.529,0.6533794019767086
gyro_norm,15.591,0.6275624097734857
gyro_norm,15.629,0.636748275970007
gyro_norm,15.674,0.7792915918734521
gyro_norm,15.724,0.7214162266926217
gyro_norm,15.783,0.3641130252968195
gyro_norm,15.823,0.2951884492190296
gyro_norm,15.886,0.33291571827901384
gyro_norm,15.923,0.3956461936053196
gyro_norm,15.973,0.4434681507397437
gyro_norm,16.022,0.8549639517913479
gyro_norm,16.088,0.39712136097027995
gyro_norm,16.122,0.7885277611652204
gyro_norm,16.172,0.7414939467723767
gyro_norm,16.237,0.48533855440353857
gyro_norm,16.271,0.19129617145263544
gyro_norm,16.327,0.22290600830558147
gyro_norm,16.371,0.14104598271057325
gyro_norm,16.422,0.6055935417834468
gyro_norm,16.47,0.3921708240882268
gyro_norm,16.523,0.26147252668741955
gyro_norm,16.57,0.45905889561274527
gyro_norm,16.626,0.39366096234359993
gyro_norm,16.678,0.24063593053388913
gyro_norm,16.719,0.7512260840834711
gyro_norm,16.769,0.8197320421260972
gyro_norm,16.819,0.9449600901960652
gyro_norm,16.878,1.059789145441235
gyro_norm,16.925,1.1279599524701909
gyro_norm,16.968,1.4769597642255539
gyro_norm,17.02,1.0057058421241358
gyro_norm,17.067,0.9084708945133227
gyro_norm,17.123,1.1260364149510822
gyro_norm,17.171,0.882750933717247
gyro_norm,17.217,1.6188377206196636
gyro_norm,17.292,0.9324522795795374
gyro_norm,17.337,1.5938693127827492
gyro_norm,17.381,1.7181228920616394
gyro_norm,17.439,0.7963466460472546
gyro_norm,17.466,1.2521393426643992
gyro_norm,17.515,0.9663305632821425
gyro_norm,17.565,0.704935347511976
gyro_norm,17.615,0.31238064220627
gyro_norm,17.665,1.181887656602229
gyro_norm,17.725,1.7213058548185
gyro_norm,17.783,0.49060832132930005
gyro_norm,17.814,0.6746803307213504
gyro_norm,17.864,0.7208155599448156
gyro_norm,17.914,0.7114354969001825
gyro_norm,17.971,0.88049083643691
gyro_norm,18.019,0.9190030080810359
gyro_norm,18.078,0.608619724724699
gyro_norm,18.113,0.37257717486263353
gyro_norm,18.162,0.5897897109964828
gyro_norm,18.212,1.048225044698959
gyro_norm,18.268,0.7250818327127401
gyro_norm,18.332,0.8112175027317576
gyro_norm,18.361,0.8167920963955609
gyro_norm,18.411,0.6272220396677541
gyro_norm,18.461,1.1764435348681717
gyro_norm,18.511,1.2892823286999342
gyro_norm,18.561,1.0151323660240743
gyro_norm,18.61,0.5994704963373781
gyro_norm,18.676,0.6616249658900885
gyro_norm,18.71,0.45847793324804814
gyro_norm,18.76,1.7762650421743114
gyro_norm,18.81,1.2269458101385144
gyro_norm,18.875,0.7019461930384658
gyro_norm,18.919,1.366876332530694
gyro_norm,18.976,0.7729052446155373
gyro_norm,19.008,0.8710333247546355
gyro_norm,19.058,1.0154178373262641
gyro_norm,19.108,1.2252767291888642
gyro_norm,19.166,1.6438050808825961
gyro_norm,19.213,1.605129215026113
gyro_norm,19.257,0.7341929597495924
gyro_norm,19.314,0.7088205293943601
gyro_norm,19.357,0.8204588734777812
gyro_norm,19.407,0.9192013273195557
gyro_norm,19.465,0.8592604045282738
gyro_norm,19.511,1.677789930366956
gyro_norm,19.563,2.1031402248479574
gyro_norm,19.609,1.8556790195136315
gyro_norm,19.656,1.6319281681927458
gyro_norm,19.705,0.6603948505300418
gyro_norm,19.755,1.0038911163887287
gyro_norm,19.808,1.0154600532475524
gyro_norm,19.87,0.8672744259434926
gyro_norm,19.904,1.9453265668836512
gyro_norm,19.954,1.4548004115841113
gyro_norm,20.01,0.5849061255841391
gyro_norm,20.062,0.886129122918686
gyro_norm,20.107,1.2787353170441649
gyro_norm,20.159,1.634427711856854
gyro_norm,20.208,1.9880192298440371
gyro_norm,20.269,1.6104958295160483
gyro_norm,20.313,1.3893648566478578
gyro_norm,20.36,1.4110676047446293
gyro_norm,20.405,0.15756813349024715
gyro_norm,20.458,0.5572529880792685
gyro_norm,20.502,0.9295241469296048
gyro_norm,20.558,1.01601949352652
gyro_norm,20.603,1.7097355144414363
gyro_norm,20.664,1.5655191337700372
gyro_norm,20.705,1.7621202177409263
gyro_norm,20.768,1.855284505609427
gyro_norm,20.811,1.1066058595550394
gyro_norm,20.858,0.9871516057521009
gyro_norm,20.903,0.33808957522351646
gyro_norm,20.949,1.2204360799741687
gyro_norm,21.004,1.5790250147962577
gyro_norm,21.058,1.391625801224323
gyro_norm,21.112,0.8958995540084265
gyro_norm,21.158,1.0488978113169358
gyro_norm,21.204,1.1540809906917757
gyro_norm,21.252,1.368191748695269
gyro_norm,21.313,1.724516800275809
gyro_norm,21.357,1.4031266060819196
gyro_norm,21.401,0.6369534320709515
gyro_norm,21.453,0.5917246542824026
gyro_norm,21.497,0.3779902234957448
gyro_norm,21.553,0.7812621118125372
gyro_norm,21.607,1.6148018213222124
gyro_norm,21.651,1.9640756514996482
gyro_norm,21.706,1.9198962677737617
gyro_norm,21.75,2.185886677626473
gyro_norm,21.798,2.073706930170468
gyro_norm,21.864,2.1687834858994472
gyro_norm,21.908,1.3081441739714426
gyro_norm,21.952,1.1761848685097949
gyro_norm,21.994,0.9174790668339853
gyro_norm,22.044,0.5874761184640253
gyro_norm,22.099,1.1885115869778917
gyro_norm,22.145,1.5702966359494763
gyro_norm,22.195,1.6186946168116711
gyro_norm,22.264,1.3339240237575365
gyro_norm,22.31,1.7279269235790633
gyro_norm,22.355,1.5619780996315917
gyro_norm,22.398,1.4233408456369825
gyro_norm,22.464,1.5761122374768826
gyro_norm,22.506,1.0675251783133284
gyro_norm,22.544,0.8809304602086122
gyro_norm,22.592,0.5401264381805833
gyro_norm,22.647,0.5378139128997955
gyro_norm,22.704,1.4535214233265366
gyro_norm,22.743,1.7974997479776467
gyro_norm,22.81,1.6419887626568699
gyro_norm,22.857,1.2970658728112197
gyro_norm,22.894,1.2961862947740954
gyro_norm,22.94,0.9965207140666427
gyro_norm,22.992,1.6670341950456498
gyro_norm,23.04,0.6498442703538992
gyro_norm,23.094,0.8023653813869953
gyro_norm,23.141,1.760588409759133
gyro_norm,23.189,2.6273375182151657
gyro_norm,23.259,1.3869555721653901
gyro_norm,23.288,1.6609232147217052
gyro_norm,23.351,1.2242688206090027
gyro_norm,23.395,1.2218871180830777
gyro_norm,23.443,1.2907251784579876
gyro_norm,23.504,1.3431079439816558
gyro_norm,23.542,2.6756072820924355
gyro_norm,23.6,0.6922086255135771
gyro_norm,23.648,0.7054704833390204
gyro_norm,23.691,1.0360400826453244
gyro_norm,23.743,1.5638990841820275
gyro_norm,23.802,2.0806957780905733
gyro_norm,23.844,1.8198982022564825
gyro_norm,23.891,2.3269923120559155
gyro_norm,23.957,2.356897505960771
gyro_norm,24.0,1.546752158629141
gyro_norm,24.054,1.3596119552240298
gyro_norm,24.099,0.7757045694889065
gyro_norm,24.134,0.623030475104484
gyro_norm,24.184,1.1526902467130093
gyro_norm,24.234,2.673957850549817
gyro_norm,24.285,2.1364074544313247
gyro_norm,24.354,1.2074061492106183
gyro_norm,24.4,1.802314236930536
gyro_norm,24.444,1.115007738520953
gyro_norm,24.484,1.182814039145671
gyro_norm,24.541,1.6605416509217006
gyro_norm,24.587,1.65455441479699
gyro_norm,24.646,1.3037240007211075
gyro_norm,24.682,0.5172182593503988
gyro_norm,24.732,0.7806924290659158
gyro_norm,24.781,0.8526974172139414
gyro_norm,24.838,0.6334251190391597
gyro_norm,24.885,1.2021244513943457
gyro_norm,24.947,1.5705734704331655
gyro_norm,24.994,2.462937592819502
gyro_norm,25.038,2.5539506919023904
gyro_norm,25.082,1.9625912904939236
gyro_norm,25.13,1.3487438665346043
gyro_norm,25.18,1.4246789736168677
gyro_norm,25.229,1.5702560755108588
gyro_norm,25.279,0.8485829991413613
gyro_norm,25.337,0.6729115263064509
gyro_norm,25.381,0.6827807375518135
gyro_norm,25.448,0.5537143410342094
gyro_norm,25.495,0.8464950353683934
gyro_norm,25.528,0.4254133062616128
gyro_norm,25.58,0.6639467963267998
gyro_norm,25.627,0.5683421344910672
gyro_norm,25.677,0.6786265251522425
gyro_norm,25.727,0.3556670278870231
gyro_norm,25.777,0.2919933989930741
gyro_norm,25.847,0.27518476227494554
gyro_norm,25.876,0.48490429038750266
gyro_norm,25.933,0.47748525584113594
gyro_norm,25.976,1.1087048748946668
gyro_norm,26.026,0.7998520550200227
gyro_norm,26.075,0.660463529790044
gyro_norm,26.125,0.31116481784972333
gyro_norm,26.175,0.33974144873167045
gyro_norm,26.225,0.30839103594690664
gyro_norm,26.274,0.1155161924658379
gyro_norm,26.324,0.6312285448530572
gyro_norm,26.374,0.43590040592992907
gyro_norm,26.424,0.2244777787451654
gyro_norm,26.496,0.41910533448826603
gyro_norm,26.535,0.8202739079639519
gyro_norm,26.58,0.4348137799206483
gyro_norm,26.623,0.5413570579453616
gyro_norm,26.673,0.4929670703455387
gyro_norm,26.722,0.3988532275561752
gyro_norm,26.777,0.39495443257182633
gyro_norm,26.822,0.381278180095165
gyro_norm,26.885,0.1797117701049512
gyro_norm,26.921,0.2513413103098918
gyro_norm,26.971,0.5262634086787824
gyro_norm,27.021,0.44882720165277945
gyro_norm,27.084,1.016979202677548
gyro_norm,27.133,1.9461234596604544
gyro_norm,27.188,2.345818742803594
gyro_norm,27.234,1.9888235175116036
gyro_norm,27.278,1.2228430346058827
gyro_norm,27.321,1.2134145483686631
gyro_norm,27.389,0.852882027943961
gyro_norm,27.425,1.0137971502180827
gyro_norm,27.472,0.6195340624889343
gyro_norm,27.519,0.6938509783522441
gyro_norm,27.568,0.5053210539182721
gyro_norm,27.618,0.7006179760053448
gyro_norm,27.668,0.6638206653711146
gyro_norm,27.725,1.1939917729801246
gyro_norm,27.771,0.744899779723782
gyro_norm,27.824,1.2598356526593912
gyro_norm,27.871,0.9047757910541832
gyro_norm,27.928,1.243355020594501
gyro_norm,27.971,1.2431912301583272
gyro_norm,28.036,1.3327380178766184
gyro_norm,28.073,0.8486543069886539
gyro_norm,28.125,0.7189708981224053
gyro_norm,28.166,0.5066552190513915
gyro_norm,28.235,0.8186723829580528
gyro_norm,28.28,0.4437529465158993
gyro_norm,28.325,1.343657483870374
gyro_norm,28.368,1.8195227671519998
gyro_norm,28.414,1.7003654382704156
gyro_norm,28.469,1.155592767508456
gyro_norm,28.523,1.0661932652105004
gyro_norm,28.569,1.0063419229564896
gyro_norm,28.624,1.0626260911628258
gyro_norm,28.663,0.5832792076090898
gyro_norm,28.713,0.4413728282247776
gyro_norm,28.767,0.4410864706117922
gyro_norm,28.819,0.4437597926557386
gyro_norm,28.862,0.46667886195681463
gyro_norm,28.921,0.38935121674955725
gyro_norm,28.962,0.6882678419958675
gyro_norm,29.021,0.7527223085049877
gyro_norm,29.067,0.6128210763687972
gyro_norm,29.111,0.4479439090024734
gyro_norm,29.161,0.5022217703490729
gyro_norm,29.217,0.483055534910127
gyro_norm,29.265,0.5386027330069167
gyro_norm,29.31,0.4951513553979429
gyro_norm,29.36,1.0435029754125216
gyro_norm,29.41,0.642137728978613
gyro_norm,29.46,0.5592959675670072
gyro_norm,29.519,0.5987122478235827
gyro_norm,29.562,0.5365924358464973
gyro_norm,29.609,0.43540175773281437
gyro_norm,29.664,0.3009609342271613
gyro_norm,29.708,0.6132490923501857
gyro_norm,29.758,0.25050190976552345
gyro_norm,29.808,0.6840707049438551
gyro_norm,29.872,0.4347194060205945
gyro_norm,29.927,0.2995556458961651
gyro_norm,29.957,0.2156308913902968
gyro_norm,30.007,0.5489488395437219
gyro_norm,30.057,0.563950834547892
gyro_norm,30.118,0.5738918028080937
gyro_norm,30.156,0.6648541427759769
gyro_norm,30.206,0.6496518595130504
gyro_norm,30.256,0.7992512108844896
gyro_norm,30.306,0.6343882874875125
gyro_norm,30.373,0.7041892499983677
gyro_norm,30.405,0.45422550869759576
gyro_norm,30.455,0.9987469413753167
gyro_norm,30.505,0.5719781868890993
gyro_norm,30.554,0.7255115838660873
gyro_norm,30.604,0.3164798488956583
gyro_norm,30.654,0.3195307973969617
gyro_norm,30.704,0.28486458363087647
gyro_norm,30.754,0.36397508224589425
gyro_norm,30.843,0.3512748003223105
gyro_norm,30.867,0.23872462416815826
gyro_norm,30.903,0.5181543900041272
gyro_norm,30.953,0.38907202951882797
gyro_norm,31.023,0.32637798441041305
gyro_norm,31.052,0.609689062321646
gyro_norm,31.102,0.4079207400404771
gyro_norm,31.152,0.4450032480833009
gyro_norm,31.201,0.39778940148713626
gyro_norm,31.251,0.46841546242146487
gyro_norm,31.301,0.2851135167674842
gyro_norm,31.351,0.3399709278114283
gyro_norm,31.401,0.23603471169087478
gyro_norm,31.455,0.12108014680915749
gyro_norm,31.518,0.3092293033532259
gyro_norm,31.55,0.897918275670353
gyro_norm,31.602,0.6629071794330542
gyro_norm,31.649,0.6805819021839234
gyro_norm,31.699,0.3779593789258604
gyro_norm,31.766,0.3897189786482337
gyro_norm,31.798,0.372274780732841
gyro_norm,31.848,0.21823693728500473
gyro_norm,31.898,0.595404906619425
gyro_norm,31.962,0.3089345921219893
gyro_norm,31.998,0.3984679844436896
gyro_norm,32.047,0.6397709598612668
gyro_norm,32.097,0.3008290176609998
gyro_norm,32.147,0.23729188181216557
gyro_norm,32.197,0.5431583554041253
gyro_norm,32.247,0.6376047164853129
gyro_norm,32.296,0.34293886943714774
gyro_norm,32.355,0.8598369560200931
gyro_norm,32.396,0.7847999034420469
gyro_norm,32.445,0.22583075150325824
gyro_norm,32.506,0.33184411564733496
gyro_norm,32.545,0.08987056695671951
gyro_norm,32.595,0.32830092315378073
gyro_norm,32.645,0.6365449101557248
gyro_norm,32.694,0.5897798805871899
gyro_norm,32.744,0.7070999537508612
gyro_norm,32.794,0.5708053609118842
gyro_norm,32.844,0.4446600711230628
gyro_norm,32.894,0.3761075786290113
gyro_norm,32.951,0.14124981020094834
gyro_norm,33.01,0.23428426631446594
gyro_norm,33.043,0.3264786859478983
gyro_norm,33.093,1.0985032215167345
gyro_norm,33.142,0.7285658640563342
gyro_norm,33.192,0.7032810748324136
gyro_norm,33.263,0.7209069716000598
gyro_norm,33.292,0.3769494508571169
gyro_norm,33.341,0.5291647602616527
gyro_norm,33.391,0.5870209223682001
gyro_norm,33.441,0.4870612630904694
gyro_norm,33.491,0.34998257133317306
gyro_norm,33.542,0.32674727154613004
gyro_norm,33.599,0.5938609956779816
gyro_norm,33.646,0.6009334366586657
gyro_norm,33.69,0.548958368058809
gyro_norm,33.739,0.03813285180816931
gyro_norm,33.789,1.0566916191657885
gyro_norm,33.839,0.2752533915688826
gyro_norm,33.889,1.1231005995189438
gyro_norm,33.938,0.23723437893163768
gyro_norm,33.988,0.3023105634227642
gyro_norm,34.038,0.1255429575019984
gyro_norm,34.088,0.266696381150125
gyro_norm,34.144,0.25333724736507335
gyro_norm,34.187,0.5971107774952706
gyro_norm,34.26,0.26228914308772866
gyro_norm,34.287,0.8938443648763749
gyro_norm,34.337,1.3104542064337887
gyro_norm,34.386,0.3796805108970817
gyro_norm,34.44,0.37443970837301016
gyro_norm,34.486,0.8459263548142241
gyro_norm,34.536,0.8935787201498009
gyro_norm,34.586,0.7109314059083709
gyro_norm,34.635,0.7025680808568101
gyro_norm,34.685,0.059617114954570484
gyro_norm,34.739,0.13735564676268727
gyro_norm,34.784,0.2247385708568189
gyro_norm,34.834,0.3536317163977511
gyro_norm,34.884,0.5925607642065448
gyro_norm,34.948,0.9778107898610946
gyro_norm,34.99,0.7813365623089996
gyro_norm,35.038,0.5188358466136385
gyro_norm,35.092,0.4500318370462569
gyro_norm,35.133,0.2588805376854068
gyro_norm,35.183,0.09759613548147847
gyro_norm,35.232,0.3741978334518644
gyro_norm,35.282,0.21052680701232235
gyro_norm,35.332,0.5449599055919399
gyro_norm,35.382,0.3737759207316036
gyro_norm,35.438,0.52891725825743
gyro_norm,35.486,0.5745521214703239
gyro_norm,35.534,0.8955832696634534
gyro_norm,35.581,0.20889082829646974
gyro_norm,35.631,0.7711486389771302
gyro_norm,35.689,0.5878470120733332
gyro_norm,35.735,0.3820051433562073
gyro_norm,35.789,0.1700183366860305
gyro_norm,35.83,0.11672591836510102
gyro_norm,35.879,0.3561196191529989
gyro_norm,35.929,0.33186084359550805
gyro_norm,35.979,0.1369385000479373
gyro_norm,36.029,0.25797813876320996
gyro_norm,36.101,0.16895929841524432
gyro_norm,36.129,0.6856749766056576
gyro_norm,36.178,0.637904347615959
gyro_norm,36.238,0.5088801420426702
gyro_norm,36.277,0.242751211327878
gyro_norm,36.327,0.2879117480836577
gyro_norm,36.377,0.2655828349067291
gyro_norm,36.427,0.3754236320548081
gyro_norm,36.477,0.4314442775562407
gyro_norm,36.531,0.46608353206661646
gyro_norm,36.576,0.56129255866778
gyro_norm,36.626,0.5293646188786836
gyro_norm,36.684,0.725545603254555
gyro_norm,36.728,0.5594304419189645
gyro_norm,36.776,0.45369387812100187
gyro_norm,36.834,0.5639839583597482
gyro_norm,36.875,0.24824334626457162
gyro_norm,36.924,0.29701346042071664
gyro_norm,36.982,0.31334239955015164
gyro_norm,37.038,0.25221532320765877
gyro_norm,37.074,0.13614481119923938
gyro_norm,37.123,0.2527059098512656
gyro_norm,37.173,0.19841327602282657
gyro_norm,37.223,0.32006984973272506
gyro_norm,37.273,0.29372662347096146
gyro_norm,37.323,0.331405004792872
gyro_norm,37.372,0.39582838787909935
gyro_norm,37.428,0.33475911138265063
