progress,time_s,magnetic_total_mean_ut,magnetic_total_std_ut,pressure_mean_hpa,heading_mean_deg
0.005,0.266,78.7925,41.9047,998.9291,96.05
0.015,0.799,49.6662,1.8042,998.9293,95.05
0.025,1.332,48.377,1.2575,998.9327,103.36
0.035,1.865,46.2111,0.9113,998.9442,114.82
0.045,2.398,44.1075,0.8837,998.9348,138.26
0.055,2.931,42.7708,1.2997,998.9381,157.22
0.065,3.464,40.9898,1.1965,998.9234,168.7
0.075,3.997,33.3277,5.1603,998.936,181.72
0.085,4.53,27.3614,1.0558,998.9413,182.11
0.095,5.063,29.4913,1.0945,998.9429,198.77
0.105,5.596,33.4184,2.1204,998.9498,189.57
0.115,6.129,39.2287,1.9517,998.9274,168.82
0.125,6.662,41.007,0.9141,998.9277,175.39
0.135,7.194,42.1597,0.9335,998.9249,180.61
0.145,7.727,41.1041,1.0262,998.922,175.81
0.155,8.26,40.0659,0.7975,998.9175,169.95
0.165,8.793,40.8561,1.1558,998.9168,169.96
0.175,9.326,41.9351,0.6668,998.9198,169.93
0.185,9.859,40.6163,1.2151,998.9112,167.83
0.195,10.392,38.5406,1.4118,998.938,177.44
0.205,10.925,33.5156,1.2466,998.9379,176.7
0.215,11.458,35.288,1.254,998.939,187.51
0.225,11.991,31.8833,0.998,998.9318,182.31
0.235,12.524,35.6299,1.4459,998.9425,186.99
0.245,13.057,35.3198,0.8476,998.9566,182.08
0.255,13.589,40.0553,2.0513,998.9407,194.91
0.265,14.122,39.8205,1.1728,998.946,187.09
0.275,14.655,41.1722,0.8059,998.9667,187.35
0.285,15.188,37.3462,1.1605,998.9476,174.24
0.295,15.721,39.7599,1.1937,998.9272,177.93
0.305,16.254,36.2296,2.3543,998.9189,176.57
0.315,16.787,31.3328,1.3835,998.9197,181.13
0.325,17.32,33.0655,1.4392,998.9343,187.36
0.335,17.853,34.7669,1.1769,998.921,179.87
0.345,18.386,36.6041,0.8518,998.9148,186.88
0.355,18.919,34.3303,1.5451,998.9148,182.79
0.365,19.452,32.4973,0.9442,998.9377,188.47
0.375,19.985,28.9245,1.1069,998.9256,182.91
0.385,20.517,29.3965,1.2018,998.9294,186.59
0.395,21.05,29.4584,1.4459,998.9299,178.96
0.405,21.583,35.0418,2.2655,998.9353,179.02
0.415,22.116,45.2787,8.3309,998.9301,169.37
0.425,22.649,53.7741,1.24,998.9238,163.5
0.435,23.182,51.6093,1.0937,998.9271,163.32
0.445,23.715,49.0415,1.453,998.9389,166.74
0.455,24.248,44.0447,2.2285,998.924,173.36
0.465,24.781,38.8586,1.651,998.922,174.82
0.475,25.314,38.5305,1.1372,998.9154,179.44
0.485,25.847,39.9926,1.2351,998.9232,181.16
0.495,26.38,36.8366,1.6576,998.9236,178.79
0.505,26.912,33.8841,0.9372,998.914,176.24
0.515,27.445,34.3372,1.1889,998.9151,180.02
0.525,27.978,35.9097,1.0813,998.9201,182.08
0.535,28.511,38.9188,0.9244,998.9147,181.76
0.545,29.044,38.4297,0.9049,998.9059,181.29
0.555,29.577,40.8622,2.2483,998.9243,196.58
0.565,30.11,42.8421,1.131,998.9348,186.17
0.575,30.643,45.5816,1.6707,998.9447,203.34
0.585,31.176,46.2598,1.943,998.9248,192.63
0.595,31.709,43.2961,0.9003,998.927,187.21
0.605,32.242,43.9374,0.8898,998.9076,184.05
0.615,32.775,45.3121,1.1942,998.901,182.49
0.625,33.307,48.202,1.5171,998.9,184.29
0.635,33.84,53.5712,1.3544,998.9105,193.48
0.645,34.373,53.2506,1.1478,998.9233,190.72
0.655,34.906,45.5961,2.2524,998.9206,191.7
0.665,35.439,41.8452,1.0427,998.9096,188.35
0.675,35.972,40.3956,1.0281,998.9081,189.02
0.685,36.505,40.1417,1.1095,998.9043,189.98
0.695,37.038,43.0556,1.2363,998.9181,197.83
0.705,37.571,44.9365,0.9751,998.9378,194.27
0.715,38.104,45.2289,0.7309,998.9288,203.07
0.725,38.637,43.7631,1.1562,998.9347,181.56
0.735,39.17,42.7512,0.6664,998.9291,183.66
0.745,39.703,42.8418,0.8606,998.9189,175.67
0.755,40.235,43.0893,1.1061,998.9159,172.31
0.765,40.768,44.744,0.9798,998.9095,179.09
0.775,41.301,44.7664,1.0958,998.9166,180.13
0.785,41.834,43.4359,1.1498,998.9346,182.97
0.795,42.367,41.7241,1.515,998.9225,184.77
0.805,42.9,39.5428,1.1371,998.8974,181.47
0.815,43.433,41.2919,0.9474,998.9155,180.69
0.825,43.966,41.8202,0.7732,998.9141,179.79
0.835,44.499,42.1729,0.9222,998.907,180.17
0.845,45.032,43.5488,1.2125,998.9017,185.33
0.855,45.565,47.5419,1.2035,998.9098,189.97
0.865,46.098,49.2978,0.8241,998.926,194.02
0.875,46.631,49.4312,0.8212,998.9181,195.38
0.885,47.163,49.0192,1.2591,998.9255,184.51
0.895,47.696,47.2577,1.22,998.9151,177.92
0.905,48.229,44.4379,1.0318,998.9012,164.06
0.915,48.762,42.6866,0.8176,998.902,164.03
0.925,49.295,42.4305,0.8093,998.8997,157.43
0.935,49.828,42.9802,0.8584,998.9012,155.22
0.945,50.361,44.1504,0.7917,998.8992,155.97
0.955,50.894,46.3665,1.0583,998.9047,163.11
0.965,51.427,48.4107,0.9184,998.885,168.26
0.975,51.96,50.4674,0.9517,998.9004,176.45
0.985,52.493,51.1887,1.5312,998.9033,179.25
0.995,53.026,51.1828,1.278,998.91,188.12
