file,route_id,floor,lap_index,from,to,duration_s,step_delta,accel_samples,dynamic_rms,active_ratio,motion_evidence,mag_samples,mag_mean_ut,mag_std_ut,mag_min_ut,mag_max_ut,pressure_samples,pressure_mean_hpa,pressure_delta_hpa,heading_samples,heading_mean_deg
indoor_positioning_20260901_151808.jsonl,4F_CORE_TO_RIGHT_STAIRS,4,1,코어복도 출구 중앙점,4213 앞,8.247,10,3797,1.863,0.6268,moving,416,38.3212,10.9078,20.3475,56.5257,52,999.0629,-0.0143,380,55.04
indoor_positioning_20260901_151808.jsonl,4F_CORE_TO_RIGHT_STAIRS,4,2,4213 앞,4212 앞,5.695,7,2603,2.1739,0.6147,moving,284,38.3536,9.2204,27.396,58.1728,35,999.072,0.0112,260,82.27
indoor_positioning_20260901_151808.jsonl,4F_CORE_TO_RIGHT_STAIRS,4,3,4212 앞,4211 앞,2.529,0,1157,2.4614,0.6586,moving,127,31.1074,1.6262,25.574,34.9871,16,999.0623,-0.0259,116,77.87
indoor_positioning_20260901_151808.jsonl,4F_CORE_TO_RIGHT_STAIRS,4,4,4211 앞,4210 앞,3.862,7,1765,3.4705,0.8102,moving,193,43.8773,9.0237,30.2977,60.6618,24,999.0663,-0.0051,177,75.31
indoor_positioning_20260901_151808.jsonl,4F_CORE_TO_RIGHT_STAIRS,4,5,4210 앞,4209 앞,4.184,6,1913,3.5008,0.7961,moving,209,30.4391,2.4012,25.2137,36.0003,26,999.0769,0.0002,191,70.21
indoor_positioning_20260901_151808.jsonl,4F_CORE_TO_RIGHT_STAIRS,4,6,4209 앞,4208 앞,2.64,3,1206,2.6943,0.6501,moving,132,33.2719,1.5333,29.3165,37.8854,17,999.0711,-0.0096,120,67.04
indoor_positioning_20260901_151808.jsonl,4F_CORE_TO_RIGHT_STAIRS,4,7,4208 앞,4207 앞,3.813,5,1742,3.4245,0.8243,moving,191,41.3427,4.6963,34.3145,58.0313,24,999.0772,0.0202,175,62.39
indoor_positioning_20260901_151808.jsonl,4F_CORE_TO_RIGHT_STAIRS,4,8,4207 앞,4206 앞,2.579,2,1179,3.4126,0.7455,moving,129,32.8229,3.788,24.6354,41.0303,16,999.0771,-0.0136,117,58.88
indoor_positioning_20260901_151808.jsonl,4F_CORE_TO_RIGHT_STAIRS,4,9,4206 앞,4205 앞,3.863,6,1765,3.7933,0.8368,moving,193,35.2481,2.5612,29.6456,41.9022,24,999.0776,0.0104,177,54.54
indoor_positioning_20260901_151808.jsonl,4F_CORE_TO_RIGHT_STAIRS,4,10,4205 앞,4204 앞,2.672,4,1223,3.774,0.8046,moving,133,25.5345,5.1579,17.5203,35.5294,17,999.0857,0.0047,122,53.88
indoor_positioning_20260901_151808.jsonl,4F_CORE_TO_RIGHT_STAIRS,4,11,4204 앞,오른쪽 계단 입구,8.712,16,3982,3.9462,0.8513,moving,436,29.3249,6.4839,18.0971,45.6315,54,999.0822,-0.0032,398,54.32
indoor_positioning_20260901_153038.jsonl,4F_CORE_TO_RIGHT_STAIRS,4,1,코어복도 출구 중앙점,4213 앞,7.079,8,3260,1.9796,0.5626,moving,357,53.6441,18.0983,31.2934,109.5021,45,999.0429,-0.0114,326,4.32
indoor_positioning_20260901_153038.jsonl,4F_CORE_TO_RIGHT_STAIRS,4,2,4213 앞,4212 앞,6.641,8,3035,2.1275,0.6382,moving,332,56.816,6.6373,46.3539,70.5168,41,999.0357,-0.0078,303,317.04
indoor_positioning_20260901_153038.jsonl,4F_CORE_TO_RIGHT_STAIRS,4,3,4212 앞,4211 앞,3.271,3,1496,1.6092,0.5488,moving,163,51.5183,1.5659,47.5958,55.0687,21,999.0299,0.0033,150,305.3
indoor_positioning_20260901_153038.jsonl,4F_CORE_TO_RIGHT_STAIRS,4,4,4211 앞,4210 앞,4.627,0,2115,1.9246,0.5915,moving,232,56.4846,5.7954,46.4683,67.1833,29,999.0431,0.0021,212,318.03
indoor_positioning_20260901_153038.jsonl,4F_CORE_TO_RIGHT_STAIRS,4,5,4210 앞,4209 앞,5.813,7,2657,2.7083,0.7411,moving,290,43.667,5.7331,33.2709,57.8554,36,999.0507,-0.011,265,326.36
indoor_positioning_20260901_153038.jsonl,4F_CORE_TO_RIGHT_STAIRS,4,6,4209 앞,4208 앞,3.285,0,1501,1.3086,0.5436,moving,165,41.7195,3.2135,35.2469,48.2003,20,999.0338,0.0051,150,344.5
indoor_positioning_20260901_153038.jsonl,4F_CORE_TO_RIGHT_STAIRS,4,7,4208 앞,4207 앞,4.943,9,2259,2.7274,0.7928,moving,247,44.5864,2.3474,38.8819,49.578,31,999.0494,0.0098,226,349.59
indoor_positioning_20260901_153038.jsonl,4F_CORE_TO_RIGHT_STAIRS,4,8,4207 앞,4206 앞,2.871,2,1313,2.0441,0.5666,moving,143,46.9628,1.5891,43.4674,50.3513,18,999.0421,-0.0106,131,338.35
indoor_positioning_20260901_153038.jsonl,4F_CORE_TO_RIGHT_STAIRS,4,9,4206 앞,4205 앞,5.127,0,2342,1.9257,0.6067,moving,257,46.3758,5.4387,33.7329,58.2391,32,999.0436,-0.0028,236,330.49
indoor_positioning_20260901_153038.jsonl,4F_CORE_TO_RIGHT_STAIRS,4,10,4205 앞,4204 앞,3.728,0,1704,2.29,0.652,moving,186,39.5468,1.6687,35.6586,43.7909,24,999.0465,-0.0032,170,334.11
indoor_positioning_20260901_153038.jsonl,4F_CORE_TO_RIGHT_STAIRS,4,11,4204 앞,오른쪽 계단 입구,11.668,17,5334,2.4707,0.7553,moving,583,45.1047,7.3638,32.5288,61.6301,73,999.0359,-0.0059,533,325.49
indoor_positioning_20260901_155425.jsonl,4F_CORE_TO_LEFT_STAIRS,4,1,코어복도 출구 중앙점,4120 앞,7.469,0,3424,2.0866,0.6504,moving,374,42.7642,16.7958,20.3819,137.6127,46,998.9344,-0.0136,342,154.85
indoor_positioning_20260901_155425.jsonl,4F_CORE_TO_LEFT_STAIRS,4,2,4120 앞,4122 앞,17.502,27,8001,2.4118,0.7457,moving,876,38.0903,6.2511,25.9338,56.4307,110,998.9306,-0.0004,801,178.49
indoor_positioning_20260901_155425.jsonl,4F_CORE_TO_LEFT_STAIRS,4,3,4122 앞,4123 앞,2.614,2,1194,1.8666,0.6315,moving,130,36.7873,2.7037,32.2781,42.5358,16,998.9174,-0.0051,119,178.91
indoor_positioning_20260901_155425.jsonl,4F_CORE_TO_LEFT_STAIRS,4,4,4123 앞,4124 앞,5.359,7,2450,2.7653,0.6878,moving,268,41.8957,3.6325,32.9201,49.9291,34,998.9211,-0.0206,245,187.65
indoor_positioning_20260901_155425.jsonl,4F_CORE_TO_LEFT_STAIRS,4,5,4124 앞,4125 앞,3.262,3,1491,1.348,0.552,moving,163,47.2051,5.1865,38.9564,55.5019,20,998.9118,0.0034,149,189.39
indoor_positioning_20260901_155425.jsonl,4F_CORE_TO_LEFT_STAIRS,4,6,4125 앞,4126 앞,3.922,0,1792,2.2943,0.6094,moving,196,43.2085,1.8458,37.9287,46.9988,25,998.9234,0.0099,179,188.77
indoor_positioning_20260901_155425.jsonl,4F_CORE_TO_LEFT_STAIRS,4,7,4126 앞,4127 앞,4.393,8,2008,2.0213,0.6424,moving,220,42.5084,1.9886,37.5615,47.1807,27,998.9148,-0.0098,201,180.45
indoor_positioning_20260901_155425.jsonl,4F_CORE_TO_LEFT_STAIRS,4,8,4127 앞,4128 앞,5.152,6,2355,1.9704,0.6552,moving,258,45.9159,2.9956,40.8854,50.926,32,998.9103,-0.0066,236,178.69
indoor_positioning_20260901_155425.jsonl,4F_CORE_TO_LEFT_STAIRS,4,9,4128 앞,왼쪽 계단 입구,2.695,0,1232,0.9811,0.3174,moving,134,46.8618,2.9074,41.312,52.5412,17,998.8984,-0.0039,122,164.87
indoor_positioning_20260901_155615.jsonl,3F_CORE_TO_RIGHT_STAIRS,3,1,코어복도 출구 중앙점,3210 앞,9.767,11,4473,2.1009,0.6349,moving,489,48.4194,5.8005,37.9359,67.6869,61,999.3394,-0.0161,448,357.99
indoor_positioning_20260901_155615.jsonl,3F_CORE_TO_RIGHT_STAIRS,3,2,3210 앞,3210-1 앞,14.892,23,6806,2.2111,0.7323,moving,744,48.6632,8.8338,32.3123,68.0877,93,999.3502,0.0204,680,333.11
indoor_positioning_20260901_155615.jsonl,3F_CORE_TO_RIGHT_STAIRS,3,3,3210-1 앞,3208 앞,9.663,17,4415,2.3836,0.7608,moving,484,46.4312,5.5971,32.6009,63.5938,61,999.3434,-0.0054,442,338.46
indoor_positioning_20260901_155615.jsonl,3F_CORE_TO_RIGHT_STAIRS,3,4,3208 앞,3203 앞,9.348,12,4273,2.3023,0.6707,moving,467,49.701,7.194,34.6397,64.6215,58,999.3281,-0.0108,428,338.36
indoor_positioning_20260901_155615.jsonl,3F_CORE_TO_RIGHT_STAIRS,3,5,3203 앞,오른쪽 계단 입구,6.93,7,3166,1.8391,0.5698,moving,347,51.6713,7.9076,41.1069,72.4421,43,999.3284,-0.0038,317,334.23
indoor_positioning_20260901_160634.jsonl,3F_CORE_TO_LEFT_STAIRS,3,1,코어복도 출구 중앙점,3120 앞,6.729,7,3091,1.7609,0.5678,moving,338,31.4447,8.0709,18.6345,47.7609,43,999.3568,0.0028,309,120.63
indoor_positioning_20260901_160634.jsonl,3F_CORE_TO_LEFT_STAIRS,3,2,3120 앞,3128-B 앞,30.568,24,13972,1.3672,0.3509,moving,1529,29.2401,6.4405,20.102,46.6659,191,999.3442,-0.0115,1398,154.59
indoor_positioning_20260901_160634.jsonl,3F_CORE_TO_LEFT_STAIRS,3,3,3128-B 앞,3128-A 앞,12.32,19,5632,2.6036,0.7974,moving,616,35.4736,5.0562,24.0345,46.28,77,999.3556,0.0092,563,164.9
indoor_positioning_20260901_160634.jsonl,3F_CORE_TO_LEFT_STAIRS,3,4,3128-A 앞,왼쪽 계단 입구,11.791,16,5389,2.2404,0.7231,moving,589,36.8047,5.8103,29.1156,54.0147,73,999.3508,-0.0112,538,171.39
indoor_positioning_20260901_160817.jsonl,3F_EXTENSION,3,1,메인복도·증축부 교차점,증축부 입구,33.679,55,15397,2.1118,0.7447,moving,1685,42.5758,6.0929,27.3415,62.1061,211,999.3529,-0.0163,1540,341.43
indoor_positioning_20260901_160817.jsonl,3F_EXTENSION,3,2,증축부 입구,자유공간,4.892,1,2236,1.2577,0.4799,moving,244,39.3688,4.9564,32.6179,60.6724,30,999.3396,0.0132,223,78.09
indoor_positioning_20260901_160817.jsonl,3F_EXTENSION,3,3,자유공간,3104-2 앞,12.519,6,5721,1.0,0.2416,moving,626,40.0549,4.766,32.004,64.3137,79,999.3483,-0.0077,573,70.47
indoor_positioning_20260901_160817.jsonl,3F_EXTENSION,3,4,3104-2 앞,3104-1 앞,12.129,19,5542,2.298,0.7483,moving,607,42.3651,4.1028,33.7339,58.3137,75,999.3502,0.0091,556,66.34
indoor_positioning_20260901_161014.jsonl,3F_IT_HALL,3,1,자유공간 IT홀 계단 아래,IT홀 계단 아래,34.796,57,15914,2.5034,0.7729,moving,1741,45.9684,10.4919,27.3081,88.3105,218,999.3614,0.007,1591,357.1
indoor_positioning_20260901_161014.jsonl,3F_IT_HALL,3,2,IT홀 계단 아래,IT홀 계단 위 회전점,12.543,18,5731,2.3066,0.7199,moving,627,38.2545,4.8692,25.7971,50.2741,78,999.2673,-0.1827,573,171.88
indoor_positioning_20260901_161014.jsonl,3F_IT_HALL,3,3,IT홀 계단 위 회전점,IT홀 입구,4.693,0,2143,1.7514,0.6524,moving,234,38.8108,3.7008,31.9341,53.3648,29,999.1906,-0.0214,214,51.02
indoor_positioning_20260901_161220.jsonl,2F_CORE_TO_LEFT_STAIRS,2,1,코어복도 출구 중앙점,2119 앞,8.798,7,4031,1.6112,0.6065,moving,442,42.5593,3.148,34.4387,56.1912,55,999.814,0.0178,404,154.02
indoor_positioning_20260901_161220.jsonl,2F_CORE_TO_LEFT_STAIRS,2,2,2119 앞,2122 앞,8.906,15,4069,2.2848,0.7786,moving,445,42.6148,1.9714,37.9793,48.0741,56,999.8251,0.016,408,171.59
indoor_positioning_20260901_161220.jsonl,2F_CORE_TO_LEFT_STAIRS,2,3,2122 앞,2125 앞,9.369,15,4282,2.493,0.7417,moving,468,42.7768,3.6239,34.4992,51.5651,58,999.8322,-0.0094,428,172.95
indoor_positioning_20260901_161220.jsonl,2F_CORE_TO_LEFT_STAIRS,2,4,2125 앞,2128 앞,9.598,14,4387,2.1402,0.7543,moving,480,39.0988,4.4207,30.5446,48.885,60,999.8134,-0.0055,439,165.84
indoor_positioning_20260901_161220.jsonl,2F_CORE_TO_LEFT_STAIRS,2,5,2128 앞,왼쪽 계단 입구,7.167,9,3275,2.4145,0.7502,moving,359,38.7477,3.9223,28.1642,45.5757,45,999.813,0.0072,327,162.8
indoor_positioning_20260901_161342.jsonl,2F_CORE_TO_RIGHT_STAIRS,2,1,코어복도 출구 중앙점,2211 앞,5.957,8,2729,1.8657,0.5779,moving,298,40.5055,6.7107,32.9374,61.8884,37,999.8141,0.0142,273,9.68
indoor_positioning_20260901_161342.jsonl,2F_CORE_TO_RIGHT_STAIRS,2,2,2211 앞,2210 앞,8.765,13,4005,2.5755,0.7783,moving,438,42.101,3.0405,34.5361,51.9296,55,999.8221,0.0108,401,347.89
indoor_positioning_20260901_161342.jsonl,2F_CORE_TO_RIGHT_STAIRS,2,3,2210 앞,2210-1 앞,9.896,18,4521,2.6443,0.7888,moving,495,48.3375,3.1776,41.5483,64.1388,62,999.8303,0.0022,452,345.99
indoor_positioning_20260901_161342.jsonl,2F_CORE_TO_RIGHT_STAIRS,2,4,2210-1 앞,2205 앞,5.869,7,2683,2.2418,0.6739,moving,294,38.8239,2.4004,34.0948,45.0037,36,999.8376,-0.0022,269,342.14
indoor_positioning_20260901_161342.jsonl,2F_CORE_TO_RIGHT_STAIRS,2,5,2205 앞,2204 앞,3.296,0,1506,2.053,0.6567,moving,164,34.3143,1.0836,31.7998,37.441,21,999.826,-0.002,150,340.03
indoor_positioning_20260901_161342.jsonl,2F_CORE_TO_RIGHT_STAIRS,2,6,2204 앞,오른쪽 계단 입구,9.869,19,4511,2.5884,0.7663,moving,494,36.3818,6.1825,24.3098,47.2811,62,999.8287,0.0023,452,337.23
indoor_positioning_20260901_161506.jsonl,2F_2107_OPEN,2,1,메인복도·2107 교차점,2107 입구,22.391,37,10236,2.1719,0.744,moving,1120,45.5125,5.9798,31.9253,62.5947,140,999.8264,0.0213,1023,2.94
indoor_positioning_20260901_161506.jsonl,2F_2107_OPEN,2,2,2107 입구,2107 개방공간,5.875,7,2685,1.5764,0.5244,moving,294,48.2597,4.1623,39.5972,57.8543,37,999.8319,-0.0181,269,67.48
indoor_positioning_20260901_161605.jsonl,2F_STUDY,2,1,메인복도·2107 교차점,2107 입구,24.896,37,11379,2.3744,0.7202,moving,1245,53.2225,7.0968,38.9567,74.3213,155,999.8265,0.0347,1137,3.87
indoor_positioning_20260901_161605.jsonl,2F_STUDY,2,2,2107 입구,2107 개방공간,12.178,3,5565,1.2542,0.4146,moving,609,58.4836,4.9988,47.9674,77.2348,76,999.8051,-0.0181,557,12.72
indoor_positioning_20260901_161605.jsonl,2F_STUDY,2,3,2107 개방공간,ㄷ자 학습공간,15.313,18,7000,1.8797,0.7016,moving,766,48.7574,3.8942,39.7371,58.7308,96,999.808,-0.0104,700,5.14
indoor_positioning_20260901_161730.jsonl,2F_EXTENSION,2,1,메인복도·2107 교차점,2107 입구,23.668,37,10822,2.6445,0.7487,moving,1185,45.471,7.2472,28.9276,64.0461,148,999.8002,0.0096,1081,5.27
indoor_positioning_20260901_161730.jsonl,2F_EXTENSION,2,2,2107 입구,2107 개방공간,5.553,0,2536,1.3474,0.5284,moving,277,51.6359,6.9294,41.0595,71.0553,34,999.798,-0.0083,254,59.13
indoor_positioning_20260901_161730.jsonl,2F_EXTENSION,2,3,2107 개방공간,TDM 앞,15.572,27,7118,2.4424,0.7617,moving,779,44.0109,4.1583,33.1418,53.785,98,999.8118,0.0083,712,343.66
indoor_positioning_20260901_161730.jsonl,2F_EXTENSION,2,4,TDM 앞,증축부 입구,4.454,0,2035,1.4786,0.5273,moving,223,50.6091,4.857,43.1484,61.527,27,999.803,-0.0168,204,57.6
indoor_positioning_20260901_161730.jsonl,2F_EXTENSION,2,5,증축부 입구,증축부 복도 끝,20.949,39,9575,2.619,0.7987,moving,1047,48.9803,4.4099,36.5158,63.4218,131,999.8062,0.0032,957,54.75
indoor_positioning_20260901_161957.jsonl,1F_CORE_TO_LEFT_STAIRS,1,1,코어복도 출구 중앙점,1119 앞,10.547,14,4827,2.2794,0.7557,moving,528,41.5417,3.9434,34.417,60.0741,66,1000.2487,-0.032,483,143.4
indoor_positioning_20260901_161957.jsonl,1F_CORE_TO_LEFT_STAIRS,1,2,1119 앞,1122 앞,7.431,10,3395,1.5707,0.6465,moving,372,40.9448,3.6236,33.1577,49.4687,46,1000.2299,-0.0005,340,150.84
indoor_positioning_20260901_161957.jsonl,1F_CORE_TO_LEFT_STAIRS,1,3,1122 앞,1125 앞,24.197,14,11058,1.6388,0.3303,moving,1209,40.6745,3.629,28.166,48.1038,152,1000.2417,0.0121,1105,187.44
indoor_positioning_20260901_161957.jsonl,1F_CORE_TO_LEFT_STAIRS,1,4,1125 앞,1128 앞,8.624,13,3942,2.5536,0.8034,moving,432,40.9096,8.4118,27.0717,62.1043,54,1000.2475,0.0036,395,162.19
indoor_positioning_20260901_161957.jsonl,1F_CORE_TO_LEFT_STAIRS,1,5,1128 앞,왼쪽 계단 입구,7.706,10,3522,2.6154,0.7626,moving,385,37.8385,6.3963,27.5733,50.3879,48,1000.2421,0.0066,352,160.88
indoor_positioning_20260901_162413.jsonl,5F_CORE_TO_RIGHT_STAIRS,5,1,코어복도 출구 중앙점,5213 앞,8.854,0,4064,1.7111,0.6176,moving,444,49.5583,2.9532,42.156,60.5755,56,998.4171,0.0121,406,2.43
indoor_positioning_20260901_162413.jsonl,5F_CORE_TO_RIGHT_STAIRS,5,2,5213 앞,5212 앞,12.733,18,5820,2.1743,0.6699,moving,637,45.782,5.7407,34.7541,61.2462,130,998.4132,-0.0121,582,356.02
indoor_positioning_20260901_162413.jsonl,5F_CORE_TO_RIGHT_STAIRS,5,3,5212 앞,5209 앞,8.732,14,3987,2.6687,0.7655,moving,436,44.2695,5.3861,31.2468,60.2946,109,998.4094,-0.0166,400,354.94
indoor_positioning_20260901_162413.jsonl,5F_CORE_TO_RIGHT_STAIRS,5,4,5209 앞,5205 앞,9.579,10,4378,2.3647,0.6907,moving,479,48.6664,5.2363,37.6715,63.1763,79,998.3982,0.0009,438,333.65
indoor_positioning_20260901_162413.jsonl,5F_CORE_TO_RIGHT_STAIRS,5,5,5205 앞,오른쪽 계단 입구,11.237,18,5135,3.1656,0.7862,moving,562,53.8615,6.9811,37.5424,70.9817,70,998.3949,-0.0083,514,353.19
indoor_positioning_20260901_163040.jsonl,5F_OUTDOOR,5,1,오른쪽 복도 야외문,야외공간 입구,23.837,36,10906,2.5969,0.7575,moving,1193,44.4339,5.4073,25.8754,58.0049,149,998.4356,-0.0369,1090,358.25
indoor_positioning_20260901_163040.jsonl,5F_OUTDOOR,5,2,야외공간 입구,야외공간 중앙,11.934,0,5453,1.8052,0.6334,moving,596,50.9144,9.5934,26.425,70.9092,75,998.4377,0.0185,546,64.02
indoor_positioning_20260901_163040.jsonl,5F_OUTDOOR,5,3,야외공간 중앙,야외공간 끝,20.355,40,9303,2.5401,0.7668,moving,1018,52.3692,5.0344,40.8683,66.6651,127,998.4492,0.0009,931,57.36
