wall_time_ms,step_index,heading_deg,relative_heading_deg,fixed_x,fixed_y,calibrated_x,calibrated_y,matched_x,matched_y
1788243490063,1,87.753,31.389,70.16376204547257,0.39063456270859065,69.90188242522666,0.5504177030451554,69.74722388059702,0.0
1788243490681,2,51.856,-4.508,69.41608224727393,0.33168611603136244,68.84837555096486,0.467357288745962,68.69044776119404,0.0
1788243491276,3,33.646,-22.718,68.72426759618651,0.042044115380928504,67.87358461453513,0.059241622794652005,67.63367164179104,0.0
1788243491847,4,22.485,-33.879,68.1016034015558,-0.37603398823716133,66.99622907947777,-0.5298449851371936,66.57689552238806,0.0
1788243492406,5,24.913,-31.451,67.46178791689564,-0.7673601253518159,66.0947067794603,-1.0812371406051735,65.52011940298507,0.0
1788243492958,6,37.48,-18.883,66.75215288787835,-1.0100906870691797,65.0948063099172,-1.4232529553680837,64.46334328358209,0.0
1788243493500,7,41.856,-14.508,66.02606703555021,-1.1979718597526388,64.07172605741488,-1.6879840708044942,63.40656716417911,0.0
1788243494577,8,44.379,-11.985,65.29241464617961,-1.3537093683072494,63.03798429070848,-1.9074236440522683,62.34979104477612,0.0
1788243495268,9,39.834,-16.53,64.57341035296153,-1.5670935906245993,62.02488220161371,-2.2080894445887385,61.293014925373136,0.0
1788243495810,10,34.513,-21.851,63.8772927476085,-1.8462356324555735,61.044028252769614,-2.601410302893222,60.236238805970146,0.0
1788243497720,11,81.701,25.338,63.19944150960168,-1.5252719286935839,60.08891225165846,-2.149161266452149,59.17946268656716,0.0
1788243498228,12,81.25,24.886,62.51908258560879,-1.209658661318397,59.1302628336606,-1.7044511812136869,58.12268656716418,0.0
1788243498751,13,83.812,27.449,61.85351442023449,-0.8639434356769984,58.192454109657376,-1.2173263884512273,57.0659104477612,0.0
1788243499246,14,80.706,24.342,61.1701883081791,-0.5548068565032275,57.22962382034454,-0.7817421824448656,56.00913432835821,0.0
1788243499740,15,78.45,22.086,60.475222670691025,-0.2728090502869413,56.250393034340455,-0.3843974526669963,54.952358208955225,0.0
1788243500253,16,81.827,25.463,59.79807797124936,0.049642583323523726,55.29627257067344,0.06994812874903095,53.895582089552235,0.0
1788243500796,17,80.659,24.296,59.11450289687287,0.3582282565022592,54.33309148477984,0.5047560890226068,52.83880597014925,0.0
1788243501464,18,84.226,27.862,58.451445919059736,0.7087356660862911,53.39882111150459,0.9986332358522148,51.78202985074627,0.0
1788243501772,19,85.418,29.054,57.79582660894991,1.072965429025996,52.475030671046554,1.5118456564528688,50.72525373134329,0.0
1788243503124,20,79.054,22.691,57.103876631455634,1.3622839881363171,51.50004905499671,1.9195055820100266,49.6684776119403,0.0
1788243504352,21,76.807,20.443,56.401111858186695,1.6242413767556365,50.509829015065684,2.288612665468779,48.611701492537314,0.0
1788243505717,22,75.403,19.039,55.692138746142255,1.8688985376931928,49.51086120958918,2.633343125628435,47.554925373134324,0.0
1788243506750,23,76.688,20.324,54.9888306737934,2.129393749489757,48.51987564233369,3.000389951022344,46.49814925373134,0.0
1788243507423,24,78.74,22.377,54.29530523601535,2.414915144755974,47.54267414787723,3.402699540483623,45.44137313432836,0.0
1788243508025,25,72.633,16.269,53.57533786677765,2.62502698933629,46.528215051130836,3.698754446825209,44.384597014925376,0.0
1788243509493,26,69.971,13.607,52.846389474401946,2.8014759656803645,45.50110138001104,3.947377199483236,43.327820895522386,0.0
1788243510527,27,70.696,14.332,52.119732346657926,2.987135381543966,44.47721618055259,4.208977782185852,42.271044776119396,0.0
1788243511055,28,68.414,12.05,51.38625901778906,3.1437140385762268,43.44372671632908,4.429602562932363,41.21426865671641,0.0
1788243511724,29,71.156,14.793,50.661117435202215,3.3352073418624038,42.421976972777266,4.699423296183596,40.15749253731343,0.0
1788243512282,30,69.097,12.734,49.92956378665041,3.500522977210508,41.391192404975044,4.932358783650008,39.10071641791045,0.0
1788243512850,31,70.844,14.481,49.2033897620104,3.688063068759296,40.367987914614616,5.196609303889219,38.04394029850746,0.0
1788243513735,32,70.848,14.485,48.47722879463561,3.8756537120795302,39.34480182239561,5.4609310533349085,36.987164179104475,0.0
1788243514343,33,60.764,4.401,47.72943983167131,3.933200796008923,38.29114113117721,5.542016898718725,35.93038805970149,0.0
1788243514953,34,64.153,7.789,46.986360104935834,4.034849798535931,37.244115917808486,5.685243883294292,34.8736119402985,0.0
1788243516218,35,63.58,7.217,46.24230150881848,4.129066599287533,36.19571144339071,5.817998636735415,33.81683582089552,0.0
1788243516739,36,62.168,5.804,45.4961465600591,4.204913764309666,35.14435313509302,5.924869933695157,32.76005970149254,0.0
1788243517264,37,64.064,7.701,44.75291012160643,4.305410513292884,34.09710710945715,6.066473352899291,31.703283582089547,0.0
1788243517793,38,61.478,5.114,44.00589569545202,4.37226443701609,33.0445377675778,6.160672859671389,30.646507462686564,0.0
1788243518375,39,58.584,2.22,43.25645870363907,4.401319476206469,31.988554946317617,6.201612421757669,29.58973134328358,0.0
1788243520237,40,60.619,4.255,42.508526180136386,4.456969636016705,30.934691973301017,6.280025434995558,28.53295522388059,0.0
1788243520792,41,58.426,2.062,41.75901204251227,4.483961440357585,29.87860045090623,6.318057827324944,27.47617910447761,0.0
1788243521493,42,56.716,0.353,41.00902626062861,4.488579553863387,28.821844365324324,6.324564910084443,26.419402985074626,0.0
1788243522151,43,54.654,-1.71,40.25936012571654,4.466203536210611,27.765538673457375,6.293036321947386,25.362626865671636,0.0
1788243522598,44,54.595,-1.768,39.50971726287434,4.443060973912006,26.709265772747337,6.260427645708771,24.305850746268653,0.0
1788243523183,45,55.923,-0.44,38.75973940233217,4.437298275187261,25.652520848611463,6.252307802514604,23.24907462686567,0.0
1788243523738,46,51.784,-4.579,38.01213343643846,4.377420735490545,24.599118006638562,6.167938263794479,22.19229850746268,0.0
1788243524262,47,54.575,-1.789,37.26249904940469,4.354005232581049,23.542857048637785,6.134945004729724,21.135522388059698,0.0
1788243525649,48,53.243,-3.121,36.51361155424619,4.313169958671914,22.48764848730043,6.077406681667785,20.078746268656715,0.0
1788243526527,49,57.984,1.621,35.76391153118301,4.334380225503544,21.431295045848383,6.107292686299562,19.021970149253725,0.0
1788243527061,50,50.972,-5.391,35.017229505495514,4.263910710710159,20.37919406780306,6.007998685793476,17.965194029850743,0.0
1788243528432,51,53.103,-3.261,34.26844405133091,4.221245225461502,19.324129285779758,5.947881531215447,16.908417910447753,0.0
1788243529135,52,59.342,2.978,33.519457104582884,4.260213848750812,18.26878059368926,6.0027896785463195,15.85164179104477,0.0
1788243530222,53,60.143,3.78,32.771088382460185,4.309653263678961,17.214303001626064,6.072451535950751,14.794865671641787,0.0
1788243530747,54,53.539,-2.825,32.02199969599313,4.272691935144044,16.15881095472829,6.0203717368346075,13.738089552238797,0.0
1788243531221,55,59.349,2.985,31.273017264473523,4.311747245602085,15.103468624751882,6.075402029405177,12.681313432835815,0.0
1788243532219,56,53.657,-2.707,30.52385405672743,4.276328491253817,14.04787157477667,6.025495771039511,11.624537313432832,0.0
1788243532716,57,51.681,-4.683,29.776357821642318,4.215096322146555,12.994623347334553,5.939217512303777,10.567761194029842,0.0
1788243533219,58,53.079,-3.285,29.027590071467174,4.1721212561471495,11.939583510848962,5.878664147666526,9.51098507462686,0.0
1788243533696,59,52.288,-4.075,28.27948651617499,4.118819562372987,10.885479548084628,5.803560204860837,8.454208955223876,0.0
1788243534188,60,51.751,-4.613,27.531915970963386,4.058501406465949,9.832126615086372,5.7185698225555255,7.3974328358208865,0.0
1788243535168,61,53.221,-3.142,26.783043625970002,4.017389231820105,8.776939400859277,5.6606413367122554,6.340656716417911,0.0
1788243535669,62,50.294,-6.069,26.037247645880868,3.938090076194784,7.726086891919357,5.548906064774042,5.283880597014914,0.0
1788243536819,63,52.239,-4.125,25.289190114471708,3.8841463119394466,6.672047778409027,5.472897422299715,4.227104477611931,0.0
1788243537531,64,31.2,-25.164,24.610369239832394,3.5652384566678696,5.715565525514261,5.023545147978346,3.1703283582089483,0.0
1788243537964,65,317.484,-98.879,24.726135403707584,2.824226853991081,5.8786840820718504,3.9794339934325285,2.1135522388059655,0.0
1788243538533,66,255.715,-160.649,25.433763866181202,2.575707319352007,6.87575722947448,3.629261314216907,1.0567761194029828,0.0
1788243538913,67,224.126,167.762,26.166721672985567,2.7346816991889393,7.908520305155598,3.8532617518283327,0.0,0.0
