file,segment,from,to,duration_s,pedometer_delta,accel_peak_count,accel_dynamic_rms,accel_active_ratio,mag_mean_ut,mag_std_ut,pressure_mean_hpa,actual_map_x,peak_pdr_map_x,peak_pdr_map_error
indoor_positioning_ios_20260905_170448.jsonl,1,코어복도 출구 중앙점,4213 앞,8.647,1,9,1.7462,0.4713,47.1618,6.7373,998.9127,61.5076,62.8385,1.331
indoor_positioning_ios_20260905_170448.jsonl,2,4213 앞,4212 앞,7.432,13,8,1.5878,0.5235,49.4571,8.7976,998.903,55.8159,55.7582,0.0577
indoor_positioning_ios_20260905_170448.jsonl,3,4212 앞,4211 앞,3.617,0,3,1.0676,0.411,43.8864,0.4067,998.8913,50.2681,53.103,2.8349
indoor_positioning_ios_20260905_170448.jsonl,4,4211 앞,4210 앞,5.15,1,7,1.8442,0.5728,52.9622,7.0114,998.8781,44.3642,46.9076,2.5434
indoor_positioning_ios_20260905_170448.jsonl,5,4210 앞,4209 앞,5.85,9,8,2.0658,0.5678,41.8986,3.0927,998.8756,38.0361,39.8272,1.7912
indoor_positioning_ios_20260905_170448.jsonl,6,4209 앞,4208 앞,3.102,2,3,1.3927,0.4516,42.8723,1.5698,998.8733,31.7837,37.1721,5.3884
indoor_positioning_ios_20260905_170448.jsonl,7,4208 앞,4207 앞,6.783,5,7,1.4397,0.4234,45.2439,1.3516,998.8736,25.6752,30.9768,5.3016
indoor_positioning_ios_20260905_170448.jsonl,8,4207 앞,4206 앞,3.6,4,4,1.3426,0.4583,44.5218,0.9952,998.8741,19.8471,27.4365,7.5894
indoor_positioning_ios_20260905_170448.jsonl,9,4206 앞,4205 앞,4.834,0,7,1.4588,0.6186,45.6804,2.2293,998.88,14.1554,21.2412,7.0858
indoor_positioning_ios_20260905_170448.jsonl,10,4205 앞,4204 앞,3.5,10,4,1.4659,0.5429,39.356,2.3993,998.8784,8.6315,17.701,9.0695
indoor_positioning_ios_20260905_170448.jsonl,11,4204 앞,오른쪽 계단 입구,12.533,17,20,2.2854,0.7381,41.9323,7.5338,998.8836,0.0,0.0,0.0
indoor_positioning_ios_20260905_170648.jsonl,1,코어복도 출구 중앙점,4213 앞,6.781,7,9,1.4823,0.5956,44.4778,5.9691,998.8998,61.5076,63.0328,1.5252
indoor_positioning_ios_20260905_170648.jsonl,2,4213 앞,4212 앞,9.032,8,9,1.455,0.467,46.808,8.2583,998.9081,55.8159,55.2617,0.5542
indoor_positioning_ios_20260905_170648.jsonl,3,4212 앞,4211 앞,6.115,0,3,0.6418,0.1789,41.075,0.4214,998.9064,50.2681,52.6713,2.4032
indoor_positioning_ios_20260905_170648.jsonl,4,4211 앞,4210 앞,5.968,0,6,1.1487,0.3866,47.8848,5.5426,998.9085,44.3642,47.4905,3.1263
indoor_positioning_ios_20260905_170648.jsonl,5,4210 앞,4209 앞,7.937,0,9,1.3226,0.5062,38.2644,2.9208,998.9083,38.0361,39.7193,1.6832
indoor_positioning_ios_20260905_170648.jsonl,6,4209 앞,4208 앞,3.771,8,3,0.8988,0.36,38.7043,2.1601,998.9043,31.7837,37.1289,5.3452
indoor_positioning_ios_20260905_170648.jsonl,7,4208 앞,4207 앞,5.773,0,8,1.9703,0.6154,42.34,1.9758,998.9051,25.6752,30.2212,4.546
indoor_positioning_ios_20260905_170648.jsonl,8,4207 앞,4206 앞,4.268,0,4,0.8755,0.2353,41.8708,0.7166,998.9083,19.8471,26.7674,6.9203
indoor_positioning_ios_20260905_170648.jsonl,9,4206 앞,4205 앞,5.95,0,7,1.711,0.5333,42.3663,2.2504,998.9122,14.1554,20.7231,6.5677
indoor_positioning_ios_20260905_170648.jsonl,10,4205 앞,4204 앞,4.049,0,5,1.6938,0.5062,36.7007,2.4262,998.9115,8.6315,16.4058,7.7743
indoor_positioning_ios_20260905_170648.jsonl,11,4204 앞,오른쪽 계단 입구,14.551,16,19,1.5575,0.6007,41.295,8.0449,998.9059,0.0,0.0,0.0
indoor_positioning_ios_20260905_170852.jsonl,1,코어복도 출구 중앙점,4213 앞,7.101,9,10,1.6615,0.5352,45.2512,4.5646,998.9216,61.5076,62.0628,0.5552
indoor_positioning_ios_20260905_170852.jsonl,2,4213 앞,4212 앞,5.732,6,10,2.1113,0.7155,51.7176,7.6504,998.9267,55.8159,53.3215,2.4944
indoor_positioning_ios_20260905_170852.jsonl,3,4212 앞,4211 앞,2.534,4,2,1.243,0.5098,41.8389,0.4209,998.9297,50.2681,51.5733,1.3052
indoor_positioning_ios_20260905_170852.jsonl,4,4211 앞,4210 앞,4.414,4,6,1.7606,0.6705,52.0982,6.6622,998.9329,44.3642,46.3285,1.9643
indoor_positioning_ios_20260905_170852.jsonl,5,4210 앞,4209 앞,5.417,7,9,2.222,0.6514,41.6923,1.4369,998.9387,38.0361,38.4614,0.4253
indoor_positioning_ios_20260905_170852.jsonl,6,4209 앞,4208 앞,3.586,5,4,1.1847,0.4167,43.9424,1.2938,998.9438,31.7837,34.9649,3.1812
indoor_positioning_ios_20260905_170852.jsonl,7,4208 앞,4207 앞,5.517,3,7,1.648,0.5946,46.0801,1.4931,998.9452,25.6752,28.8461,3.1709
indoor_positioning_ios_20260905_170852.jsonl,8,4207 앞,4206 앞,3.232,0,3,1.1433,0.4769,46.2243,1.0144,998.9461,19.8471,26.2237,6.3766
indoor_positioning_ios_20260905_170852.jsonl,9,4206 앞,4205 앞,4.716,9,6,1.6872,0.5579,46.1926,2.7839,998.941,14.1554,20.979,6.8236
indoor_positioning_ios_20260905_170852.jsonl,10,4205 앞,4204 앞,3.902,5,5,1.794,0.5256,38.4929,2.3495,998.9356,8.6315,16.6083,7.9768
indoor_positioning_ios_20260905_170852.jsonl,11,4204 앞,오른쪽 계단 입구,11.883,18,19,1.9626,0.6485,42.2495,7.3477,998.9236,0.0,0.0,0.0
