session,platform,direction,seconds,steps,callback_steps,raw_counter_steps,mag_start_uT,mag_end_uT,mag_delta_uT,mv_mean_uT
indoor_positioning_20260901_151808,android,forward,5.695,11,11,7,32.02201652508124,30.013577885811085,-2.0084386392701568,-33.35479962048708
indoor_positioning_20260901_153038,android,forward,6.641,11,11,8,49.81522372586137,55.61120047638374,5.795976750522371,-48.7430912620377
indoor_positioning_20260919_111300,android,reverse,4.22,9,9,8,42.62881533255805,39.54934799390354,-3.07946733865451,-39.964141601876356
indoor_positioning_20260919_111532,android,forward,3.305,6,6,7,31.1126938831452,44.16800641809057,13.055312534945369,-25.4015665326542
indoor_positioning_20260922_191446,android,forward,5.661,10,10,0,50.32200817775117,48.34243912010305,-1.9795690576481206,-51.87895495525047
indoor_positioning_20260922_191556,android,reverse,5.078,8,8,9,43.07007958109986,63.60202844038566,20.531948859285798,-27.936548563222797
indoor_positioning_20260922_202729,android,forward,5.959,9,9,0,46.79063429418294,43.79515555636752,-2.995478737815418,-47.098065491388724
indoor_positioning_20260922_202917,android,reverse,6.641,9,9,6,57.78439264767063,49.79133336977825,-7.993059277892378,-45.43339396998573
indoor_positioning_ios_20260905_170448,ios,forward,7.432,8,8,13,42.211777606342444,51.122809938388905,8.91103233204646,42.64071574459598
indoor_positioning_ios_20260905_170648,ios,forward,9.032,9,9,8,38.59937139794674,48.69590119918092,10.096529801234183,41.450886169241905
indoor_positioning_ios_20260905_170852,ios,forward,5.732,9,9,6,42.371089430940536,48.83851949248786,6.467430061547326,42.412808158550526
indoor_positioning_ios_20260908_132920,ios,forward,5.215,8,8,8,44.168914675831935,56.5943680394457,12.425453363613762,45.82032772478119
indoor_positioning_ios_20260908_133049,ios,reverse,4.383,7,7,9,46.00076227398197,60.02840366591864,14.027641391936669,44.27267123205073
indoor_positioning_ios_20260908_133154,ios,forward,4.918,8,8,10,40.2528880865111,45.0190216151572,4.766133528646101,39.12879855306418
indoor_positioning_ios_20260908_133254,ios,reverse,4.573,8,8,5,45.16993042690469,60.07048970609969,14.900559279195,49.37269676514419
indoor_positioning_ios_20260914_170738,ios,forward,5.099,8,8,0,47.448906425937366,53.55596450166445,6.107058075727082,45.13656859678768
indoor_positioning_ios_20260914_170901,ios,reverse,5.779,8,8,4,47.33370088189009,48.09647763994019,0.7627767580501015,44.97364808667653
indoor_positioning_ios_20260914_171021,ios,forward,4.908,8,8,4,47.15521886825377,48.54892839509494,1.393709526841171,44.65000607534868
indoor_positioning_ios_20260914_171142,ios,reverse,5.86,8,8,12,48.262069894733074,50.46947197083731,2.2074020761042377,44.68878504772211
indoor_positioning_ios_20260914_200838,ios,forward,4.647,8,8,9,48.615511070375064,46.13555613087614,-2.479954939498924,45.08233227414901
indoor_positioning_ios_20260914_200949,ios,reverse,5.617,9,9,7,49.08047259914398,41.546146921123466,-7.534325678020515,43.832738385616594
indoor_positioning_ios_20260914_201100,ios,forward,5.084,10,10,12,42.2297377523668,49.012966804605284,6.783229052238482,44.88258237044428
